name;parent;categoria;descripcion
Otros;;;Entidades acelulares
Ribovira;Otros;Dominio;Virus con genoma de ARN o que usan retrotranscripción para replicarse
Floreoviria ;Otros;Dominio;Virus de ARN monocatenario positivo que infectan principalmente a plantas
Duplodnaviria ;Otros;Dominio;Virus de ADN bicatenario con una estructura de cápside tipo HK97
Efunaviria ;Otros;Dominio;Virus de ADN que infectan arqueas y bacterias en ambientes extremos
Orthornavirae;Ribovira;Reino;Virus de ARN verdaderos que codifican una RdRp
Pararnavirae;Ribovira;Reino;Virus con genomas de ARN o ADN que utilizan transcripción inversa
Shotokuvirae;Floreoviria ;Reino;Virus de ADN monocatenario que codifican una proteína de replicación HUH
Heunggongvirae;Duplodnaviria ;Reino;Bacteriófagos de cola tradicionales
Loebvirae;Efunaviria ;Reino;Virus filamentosos o pleomórficos de ADN monocatenario que infectan bacterias
Kitrinoviricota;Orthornavirae;Filo/División;Virus de ARN monocatenario positivo que infectan plantas y animales
Pisuviricota;Orthornavirae;Filo/División;Virus de ARN monocatenario positivo y bicatenario que infectan plantas, hongos y animales.
Negarnaviricota;Orthornavirae;Filo/División;Virus de ARN monocatenario de sentido negativo
Duplornaviricota;Orthornavirae;Filo/División;Virus de ARN bicatenario con cápsides concéntricas dobles
Lenarviricota  ;Orthornavirae;Filo/División;Virus de ARN monocatenario positivo simples que infectan bacterias, hongos y plantas
Artverviricota;Pararnavirae;Filo/División;Virus de transcripción inversa que incluye a los retrovirus tradicionales y pararetrovirus
Cressdnaviricota;Shotokuvirae;Filo/División;Virus de ADN monocatenario circular que codifican una proteína de replicación HUH
Cossaviricota;Shotokuvirae;Filo/División;Virus de ADN bicatenario
Peploviricota ;Heunggongvirae;Filo/División;Virus de ADN bicatenario con envoltura lipídica
Uroviricota;Heunggongvirae;Filo/División;Bacteriófagos de cola con ADN bicatenario
Hofneiviricota ;Loebvirae;Filo/División;Virus filamentosos de ADN monocatenario que infectan bacterias
Alsuviricetes;Kitrinoviricota;Clase;Virus de ARN monocatenario positivo
Flasuviricetes;Kitrinoviricota;Clase;Flavivirus clásicos transmitidos por artrópodos
Pisoniviricetes;Pisuviricota;Clase;Virus de ARN monocatenario positivo
Duplopiviricetes;Pisuviricota;Clase;Virus de ARN bicatenario
Stelpaviricetes;Pisuviricota;Clase;Virus de ARN monocatenario positivo
Bunyaviricetes;Negarnaviricota;Clase;Virus de ARN monocatenario negativo segmentados
Monjiviricetes;Negarnaviricota;Clase;Virus de ARN monocatenario negativo no segmentados
Insthoviricetes;Negarnaviricota;Clase;Virus de ARN monocatenario negativo
Chrymotiviricetes;Duplornaviricota;Clase;Virus de ARN bicatenario y monocatenario positivo que infectan hongos y plantas
Howeltoviricetes;Lenarviricota  ;Clase;Virus de ARN monocatenario positivo
Revtraviricetes ;Artverviricota;Clase;Virus que utilizan la enzima retrotranscriptasa para replicar su genoma
Repensiviricetes ;Cressdnaviricota;Clase;Virus de ADN monocatenario circular de replicación por círculo rodante
Papovaviricetes  ;Cossaviricota;Clase;Virus de ADN bicatenario pequeños sin envoltura
Herviviricetes ;Peploviricota ;Clase;Clase que agrupa exclusivamente a los herpesvirus
Caudoviricetes ;Uroviricota;Clase;Bacteriófagos de cola con ADN bicatenario, muy abundantes en la naturaleza
Faserviricetes  ;Hofneiviricota ;Clase;Virus filamentosos de ADN monocatenario
Tymovirales;Alsuviricetes;Orden;Virus de ARN monocatenario positivo que infectan plantas
Martellivirales ;Alsuviricetes;Orden;Virus de ARN monocatenario positivo que infectan principalmente plantas y hongos
Amarillovirales ;Flasuviricetes;Orden;Virus del dengue y fiebre amarilla
Picornavirales ;Pisoniviricetes;Orden;Virus de ARN monocatenario positivo pequeños que infectan animales, plantas e insectos
Sobelivirales ;Pisoniviricetes;Orden;Virus de ARN monocatenario positivo
Nidovirales ;Pisoniviricetes;Orden;Virus de ARN monocatenario positivo con genomas grandes
Durnavirales ;Duplopiviricetes;Orden;Virus de ARN bicatenario que infecta hongos, plantas y animales
Patatavirales ;Stelpaviricetes;Orden;Virus de ARN monocatenario positivo que infectan cultivos
Elliovirales;Bunyaviricetes;Orden;Virus de ARN monocatenario negativo segmentados
Mononegavirales ;Monjiviricetes;Orden;Virus de ARN monocatenario negativo no segmentados
Articulavirales ;Insthoviricetes;Orden;Virus de ARN monocatenario negativo con genoma segmentado
Ghabrivirales ;Chrymotiviricetes;Orden;Virus de ARN bicatenario que infectan principalmente hongos y protozoos
Cryppavirales  ;Howeltoviricetes;Orden;Virus de ARN monocatenario positivo
Ortervirales ;Revtraviricetes ;Orden;Virus de transcripción inversa
Geplafuvirales ;Repensiviricetes ;Orden;Virus de ADN monocatenario circular que infectan plantas y animales
Zurhausenvirales  ;Papovaviricetes  ;Orden;Orden de virus de ADN bicatenario pequeños
Herpesvirales ;Herviviricetes ;Orden;Virus de ADN bicatenario grandes con envoltura lipídica que infectan animales
Pantevenvirales ;Caudoviricetes;Orden;Virus de ADN bicatenario que infectan exclusivamente a las arqueas
Autographivirales ;Caudoviricetes;Orden;Bacteriófagos de cola con ADN bicatenario que codifican su propia ARN polimerasa
Tubulavirales ;Faserviricetes  ;Orden;Virus filamentosos de ADN monocatenario que infectan bacterias sin lisar la célula
Alphaflexiviridae ;Tymovirales;Familia;Virus de plantas y hongos con viriones filamentosos y genoma de ARN monocatenario positivo
Tymoviridae ;Tymovirales;Familia;Virus de plantas con cápsides isométricas y genoma de ARN monocatenario positivo
Betaflexiviridae ;Tymovirales;Familia;Virus filamentosos de ARN monocatenario positivo que infectan principalmente plantas cultivadas
Virgaviridae ;Martellivirales ;Familia;Virus de plantas con forma de bastón rígido
Mayoviridae ;Martellivirales ;Familia;Virus de plantas
Closteroviridae ;Martellivirales ;Familia;Virus de plantas filamentosos muy largos transmitidos por insectos vectores
Bromoviridae ;Martellivirales ;Familia;Virus de plantas con genoma de ARN monocatenario positivo tripartito
Hepaciviridae;Amarillovirales;Familia;Familia que incluye al virus de la hepatitis C humana
Flaviviridae;Amarillovirales;Familia;Virus de ARN monocatenario positivo transmitidos por artrópodos
Picornaviridae ;Picornavirales;Familia;Virus de ARN monocatenario positivo pequeños y sin envoltura
Secoviridae ;Picornavirales;Familia;Virus de plantas con cápsides pequeñas que infectan cultivos agrícolas importantes
Solemoviridae ;Sobelivirales ;Familia;Virus de plantas con genomas de ARN monocatenario positivo pequeños
Coronaviridae ;Nidovirales ;Familia;Virus envueltos con genoma de ARN monocatenario positivo grande y proyecciones en corona
Amalgaviridae ;Durnavirales;Familia;Virus de ARN bicatenario que infectan plantas y permanecen latentes
Partitiviridae ;Durnavirales;Familia;Virus de ARN bicatenario bisegmentados que infectan hongos, plantas y protozoos
Potyviridae ;Patatavirales ;Familia;Familia más grande de virus de plantas filamentosos de ARN monocatenario positivo
Hantaviridae ;Elliovirales;Familia;Virus de ARN monocatenario negativo transmitidos por roedores que causan síndromes graves
Tospoviridae ;Elliovirales;Familia;Virus de plantas de ARN monocatenario negativo transmitidos por trips
Rhabdoviridae ;Mononegavirales;Familia;Virus con forma de bala o bacilo
Orthomyxoviridae;Articulavirales;Familia;Virus de ARN monocatenario negativo segmentados
Giardiaviridae ;Ghabrivirales;Familia;Virus de ARN bicatenario que infectan específicamente al protozoo parásito Giardia
Pseudototiviridae ;Ghabrivirales;Familia;Familia de virus de ARN bicatenario asociados a huéspedes fúngicos
Chrysoviridae ;Ghabrivirales;Familia;Virus de ARN bicatenario con genomas divididos en cuatro segmentos que infectan hongos
Orthototiviridae ;Ghabrivirales;Familia;Virus de ARN bicatenario no segmentados que infectan hongos y protozoos
Mitoviridae;Cryppavirales;Familia;Virus de ARN monocatenario positivo sin cápside que se replican en las mitocondrias fúngicas
Retroviridae ;Ortervirales;Familia;Virus de ARN que usan retrotranscripción para integrar su ADN al hospedador
Caulimoviridae ;Ortervirales;Familia;Pararetrovirus de plantas con genoma de ADN bicatenario que utilizan transcripción inversa
Geminiviridae ;Geplafuvirales ;Familia;Virus de plantas con cápsides geminadas y genoma de ADN monocatenario circular
Papillomaviridae;Zurhausenvirales  ;Familia;Virus de ADN bicatenario pequeños que causan verrugas y lesiones epiteliales
Orthoherpesviridae;Herpesvirales ;Familia;Herpesvirus mamíferos tradicionales con genoma de ADN bicatenario grande y envoltura
Zimmerviridae ;Caudoviricetes;Familia;Virus de ADN bicatenario que infectan organismos arqueanos
Straboviridae ;Pantevenvirales ;Familia;Bacteriófagos de cola
Autotranscriptaviridae ;Autographivirales ;Familia;Bacteriófagos de cola que transcriben su genoma de forma altamente autónoma
Inoviridae ;Tubulavirales ;Familia;Bacteriófagos filamentosos con genoma de ADN monocatenario circular
Potexvirus;Alphaflexiviridae ;Género;Virus filamentosos de plantas con genoma de ARN monocatenario positivo
Tymovirus;Tymoviridae ;Género;Virus de plantas con cápsides isométricas transmitidos principalmente por escarabajos
Carlavirus ;Betaflexiviridae ;Género;Virus filamentosos de plantas de ARN monocatenario positivo transmitidos comúnmente por áfidos
Trichovirus;Betaflexiviridae ;Género;Virus de plantas con viriones filamentosos muy flexuosos
Tobamovirus;Virgaviridae ;Género;Virus de bastón rígido muy estables que infectan plantas
Idaeovirus;Mayoviridae ;Género;Virus de plantas que infecta principalmente cultivos de frambuesas y bayas
Crinivirus ;Closteroviridae ;Género;Virus de plantas con genoma bipartito transmitidos exclusivamente por moscas blancas
Ilarvirus;Bromoviridae ;Género;Virus isométricos de plantas con genoma tripartito transmitidos por polen o trips
Cucumovirus ;Bromoviridae ;Género;Virus esféricos de plantas con genoma tripartito
Orthohepacivirus;Hepaciviridae;Género;Virus de la hepatitis C humana y especies afines
Orthoflavivirus;Flaviviridae;Género;Virus de ARN monocatenario positivo transmitidos por mosquitos (dengue, zika, fiebre amarilla)
Hepatovirus;Picornaviridae ;Género;Virus de la hepatitis A
Comovirus;Secoviridae ;Género;Virus de plantas con genoma de ARN bipartito encapsidado en partículas isométricas
Nepovirus;Secoviridae ;Género;Virus de plantas esféricos con genoma bipartito transmitidos principalmente por nematodos
Sobemovirus;Solemoviridae ;Género;Virus isométricos de plantas con genoma pequeño de ARN monocatenario positivo
Polerovirus;Solemoviridae ;Género;Virus de plantas limitados al floema transmitidos de forma persistente por áfidos
Betacoronavirus ;Coronaviridae ;Género;Género de coronavirus que incluye al SARS-CoV, MERS-CoV y SARS-CoV-2
Amalgavirus;Amalgaviridae ;Género;Virus de ARN bicatenario que infectan plantas de forma persistente sin causar síntomas claros
Alphapartitivirus;Partitiviridae ;Género;Virus de ARN bicatenario que infectan hongos filamentosos y plantas
Potyvirus ;Potyviridae ;Género;Virus de plantas filamentosos muy importante transmitido por áfidos no persistentes
Orthohantavirus;Hantaviridae ;Género;Virus transmitidos por roedores que causan síndromes pulmonares y fiebres hemorrágicas
Orthotospovirus ;Tospoviridae ;Género;Único género de Tospoviridae que infecta plantas, transmitido de manera persistente por trips
Lyssavirus;Rhabdoviridae ;Género;Virus con forma de bala que causan la rabia en humanos y mamíferos
Alphainfluenzavirus;Orthomyxoviridae;Género;Virus de la influenza A
Betainfluenzavirus;Orthomyxoviridae;Género;Virus de la influenza B
Deltainfluenzavirus;Orthomyxoviridae;Género;Virus de la influenza D
Gammainfluenzavirus;Orthomyxoviridae;Género;Virus de la influenza C
Giardiavirus;Giardiaviridae ;Género;Virus de ARN bicatenario que infectan y se replican dentro del protozoo Giardia lamblia
Leishmaniavirus;Pseudototiviridae ;Género;Virus de ARN bicatenario que infectan a protozoos parásitos del género Leishmania
Victorivirus;Pseudototiviridae ;Género;Virus de ARN bicatenario no segmentados que infectan exclusivamente a hongos filamentosos
Alphachrysovirus;Chrysoviridae ;Género;Virus de ARN bicatenario con genoma de cuatro segmentos que infectan hongos
Totivirus ;Orthototiviridae ;Género;Virus de ARN bicatenario que infectan de forma latente a hongos y protozoos
Duamitovirus;Mitoviridae;Género;Virus sin cápside de ARN monocatenario positivo que infectan mitocondrias fúngicas
Lentivirus ;Retroviridae ;Género;Retrovirus de replicación lenta que causan inmunodeficiencias crónicas
Caulimovirus;Caulimoviridae ;Género;Pararetrovirus de plantas con ADN bicatenario que causan síntomas de mosaico
Begomovirus;Geminiviridae ;Género;Virus de plantas de ADN monocatenario transmitidos por mosca blanca
Mastrevirus;Geminiviridae ;Género;Virus de plantas de ADN monocatenario circular transmitidos por cigarras
Varicellovirus;Orthoherpesviridae;Género;Género de herpesvirus que incluye al virus de la varicela-zóster
Lambdavirus;Zimmerviridae ;Género;Género que incluye al bacteriófago lambda, un virus templado clásico de Escherichia coli
Tequatrovirus;Straboviridae ;Género;Género de bacteriófagos de cola que incluye al virus T4 de Escherichia coli
Teseptimavirus;Autotranscriptaviridae ;Género;Género de bacteriófagos de cola que incluye al virus T7 de Escherichia coli
Inovirus;Inoviridae ;Género;Bacteriófagos filamentosos con ADN monocatenario circular que se liberan sin lisar la bacteria
Organismos Vivos;;;Organismos celulares eucariotas y procariotas
Bacteria;Organismos Vivos;Dominio;Organismos procariotas unicelulares con paredes celulares de peptidoglicano y lípidos de membrana tipo éster
Archaea;Organismos Vivos;Dominio;Procariotas unicelulares con lípidos de membrana tipo éter, comunes en ambientes extremos o primitivos
Eukarya;Organismos Vivos;Dominio;Organismos unicelulares o pluricelulares caracterizados por células con núcleo definido y orgánulos membranosos
Bacillati;Bacteria;Reino;Bacterias Gram positivas de baja proporción G+C, formadoras de endosporas o fermentadoras
Pseudomonadati;Bacteria;Reino;Bacterias Gram negativas metabólicamente diversas
Thermotogati;Bacteria;Reino;Bacterias hipertermófilas envueltas en una estructura externa similar a una vaina llamada toga
Methanobacteriati;Archaea;Reino;Arqueas procariotas metanógenas que producen metano mediante la reducción de dióxido de carbono
Nanobdellati;Archaea;Reino;Arqueas ultrapequeñas que viven como simbiontes o parásitos obligados
Promethearchaeati;Archaea;Reino;Arqueas filogenéticamente cercanas al origen de las células eucariotas
Thermoproteati;Archaea;Reino;Arqueas hipertermófilas o acidófilas dependientes de azufre
Bacillota;Bacillati;Filo/División;Bacterias Gram positivas con bajo contenido G+C. Anteriormente llamadas Firmicutes
Actinomycetota;Bacillati;Filo/División;Bacterias Gram positivas con alto contenido G+C, muchas con crecimiento filamentoso o miceliar
Cyanobacteriota;Bacillati;Filo/División;Bacterias fotosintéticas oxigénicas que desempeñaron un papel clave en la oxigenación terrestre
Pseudomonadota;Pseudomonadati;Filo/División;Bacterias Gram negativas metabólicamente diversas
Chlamydiota;Pseudomonadati;Filo/División;Bacterias Gram negativas parásitas intracelulares obligadas con un ciclo replicativo bifásico
Deinococcota;Thermotogati;Filo/División;Bacterias extraordinariamente resistentes a la radiación ionizante, la desecación y el calor extremo
Methanobacteriota;Methanobacteriati;Filo/División;Arqueas metanógenas productoras de metano
Nanobdellota;Nanobdellati;Filo/División;Arqueas ultrapequeñas que viven acopladas a otros huéspedes procariotas
Microcaldota;Nanobdellati;Filo/División;Arqueas hipertermófilas de tamaño celular reducido adaptadas a fuentes hidrotermales
Promethearchaeota;Promethearchaeati;Filo/División;Arqueas claves para entender el origen eucariota
Thermoproteota;Thermoproteati;Filo/División;Arqueas hipertermófilas, acidófilas y quimiolitótrofas dependientes de azufre
Bacilli;Bacillota;Clase;Bacterias Gram positivas con bajo contenido G+C, aerobias o anaerobias facultativas
Clostridia;Bacillota;Clase;Bacterias Gram positivas anaerobias estrictas que forman endosporas y tienen metabolismo fermentativo
Actinomycetes;Actinomycetota;Clase;Bacterias Gram positivas filamentosas de alto G+C, clave en la producción de antibióticos
Cyanophyceae (Chroococcophyceae);Cyanobacteriota;Clase;Cianobacterias fotosintéticas oxigénicas unicelulares o coloniales complejas
Alphaproteobacteria;Pseudomonadota;Clase;Bacterias Gram negativas metabólicamente diversas; incluye fijadores de nitrógeno y ancestros mitocondriales
Betaproteobacteria;Pseudomonadota;Clase;Bacterias Gram negativas que incluye quimiolitótrofos y patógenos humanos importantes
Gammaproteobacteria;Pseudomonadota;Clase;Bacteriano Gram negativo inmenso que incluye a las enterobacterias y pseudomonas
Epsilonproteobacteria;Pseudomonadota;Clase;Bacterias Gram negativas microaerófilas con formas espirales
Chlamydiia;Chlamydiota;Clase;Bacterias Gram negativas parásitas intracelulares obligadas de células eucariotas
Deinococci;Deinococcota;Clase;Bacterias extremófilas célebres por su excepcional resistencia a la radiación ionizante
Methanobacteria;Methanobacteriota;Clase;Arqueas metanógenas anaerobias que producen metano a partir de hidrógeno
Thermococci;Methanobacteriota;Clase;Arqueas hipertermófilas anaerobias obligadas que reducen azufre elemental a sulfuro
Halobacteriales;Methanobacteriota;Clase;Arqueas halófilas extremas que prosperan en ambientes con alta salinidad
Nanobdellia;Nanobdellota;Clase;Arqueas ultrapequeñas de la línea DPANN asociadas a otros procariotas
Microcaldia;Microcaldota;Clase;Arqueas hipertermófilas de tamaño muy reducido adaptadas a fuentes termales
Promethearchaeales;Promethearchaeota;Clase;Arqueas del supergrupo Asgard fundamentales para explicar el origen eucariota
Nitrososphaeria;Thermoproteota;Clase;Arqueas oxidantes de amoníaco ampliamente distribuidas en suelos, océanos y ambientes terrestres
Thermoprotei;Thermoproteota;Clase;Arqueas hipertermófilas dependientes de azufre que habitan en fuentes termales ácidas
Lactobacillales;Bacilli;Orden;Bacterias Gram positivas productoras de ácido láctico
Caryophanales;Bacilli;Orden;Bacterias Gram positivas móviles que incluye bacilos gigantes y filamentosos
Eubacteriales;Clostridia;Orden;Tradicional y amplio orden que agrupa a bacterias verdaderas Gram positivas anaerobias
Mycobacteriales;Actinomycetes;Orden;Bacterias con paredes ricas en ácidos micólicos; incluye patógenos como la tuberculosis
Micrococcales;Actinomycetes;Orden;Bacterias Gram positivas aerobias comunes en la piel y el suelo
Kitasatosporales;Actinomycetes;Orden;Bacterias del suelo filamentosas productoras de esporas, emparentadas con los estreptomicitos
Bifidobacteriales;Actinomycetes;Orden;Bacterias anaerobias ramificadas, componentes clave de la microbiota intestinal saludable
Actinomycetales;Actinomycetes;Orden;Bacterias filamentosas complejas con alto contenido G+C en su ADN
Propionibacteriales;Actinomycetes;Orden;Bacterias que producen ácido propiónico por fermentación, usadas en quesos y lácteos
Chroococcales;Cyanophyceae (Chroococcophyceae);Orden;Cianobacterias unicelulares o coloniales rodeadas por una matriz mucilaginosa común
Oscillatoriales;Cyanophyceae (Chroococcophyceae);Orden;Cianobacterias filamentosas no ramificadas sin heterocistos
Nostocales;Cyanophyceae (Chroococcophyceae);Orden;Cianobacterias filamentosas con heterocistos y acinetos capaces de fijar nitrógeno atmosférico.
Hyphomicrobiales;Alphaproteobacteria;Orden;Bacterias Gram negativas que se reproducen típicamente por gemación o forman hifas
Rhodospirillales;Alphaproteobacteria;Orden;Bacterias púrpuras no del azufre, fundamentalmente fotosintéticas anoxigénicas o acidófilas
Neisseriales;Betaproteobacteria;Orden;Bacterias Gram negativas diplocócicas, patógenas o comensales de mucosas animales
Burkholderiales;Betaproteobacteria;Orden;Orden diverso de bacterias Gram negativas que incluye patógenos oportunistas e industriales
Enterobacterales;Gammaproteobacteria;Orden;Bacilos Gram negativos anaerobios facultativos, comunes en el tracto digestivo animal
Pseudomonadales;Gammaproteobacteria;Orden;Bacterias Gram negativas aerobias estrictas con gran versatilidad metabólica ambiental
Pasteurellales;Gammaproteobacteria;Orden;Bacterias Gram negativas comensales o patógenas de mamíferos y aves
Lysobacterales;Gammaproteobacteria;Orden;Bacterias Gram negativas depredadoras o móviles por deslizamiento
Vibrionales;Gammaproteobacteria;Orden;Bacterias Gram negativas marinas, comúnmente flageladas y con forma de coma
Campylobacterales;Epsilonproteobacteria;Orden;Bacterias Gram negativas helicoidales o curvas que habitan ambientes microaerófilos
Chlamydiales;Chlamydiia;Orden;Bacterias parásitas intracelulares obligadas causantes de clamidiasis en diversos animales
Thermales;Deinococci;Orden;Bacterias hipertermófilas extremadamente resistentes al calor
Methanobacteriales;Methanobacteria;Orden;Arqueas metanógenas anaerobias estrictas que producen metano usando hidrógeno y dióxido de carbono
Thermococcales;Thermococci;Orden;Arqueas hipertermófilas marinas que habitan en fuentes hidrotermales y reducen azufre
Halobacteriales;Halobacteriales;Orden;Arqueas halófilas extremas adaptadas a vivir en ambientes de alta salinidad
Nanobdellales;Nanobdellia;Orden;Orden de arqueas parásitas ultrapequeñas pertenecientes a la línea filogenética DPANN
Microcaldales;Microcaldia;Orden;Arqueas hipertermófilas diminutas recientemente descritas en fuentes termales terrestres o marinas
Promethearchaeales;Promethearchaeales;Orden;Arqueas del supergrupo Asgard, fundamentales para estudiar la evolución del linaje eucariota
Nitrosopumilales;Nitrososphaeria;Orden;Arqueas marinas quimiolitótrofas que obtienen energía oxidando amoníaco a nitrito
Sulfolobales;Thermoprotei;Orden;Arqueas termoacidófilas extremas que oxidan azufre en fuentes termales terrestres ácidas
Desulfurococcales;Thermoprotei;Orden;Arqueas hipertermófilas anaerobias estrictas que dependen de compuestos azufrados para crecer
Lactobacillaceae;Lactobacillales;Familia;Bacterias Gram positivas que producen ácido láctico
Streptococcaceae;Lactobacillales;Familia;Cocos Gram positivos dispuestos en cadenas
Staphylococcaceae;Caryophanales;Familia;Cocos Gram positivos agrupados en racimos
Bacillaceae;Caryophanales;Familia;Bacterias Gram positivas aerobias o anaerobias facultativas capaces de formar endosporas
Clostridiaceae;Eubacteriales;Familia;Bacilos Gram positivos anaerobios estrictos que producen endosporas muy resistentes
Mycobacteriaceae;Mycobacteriales;Familia;Bacterias con paredes celulares gruesas y ricas en lípidos (ácidos micólicos)
Corynebacteriaceae;Mycobacteriales;Familia;Bacilos Gram positivos pleomórficos, frecuentemente en forma de maza o V
Nocardiaceae;Mycobacteriales;Familia;Bacterias Gram positivas aerobias que forman micelios rudimentarios que se fragmentan
Microbacteriaceae;Micrococcales;Familia;Pequeñas bacterias Gram positivas distribuidas ampliamente en ambientes terrestres y acuáticos
Streptomycetaceae;Kitasatosporales;Familia;Bacterias filamentosas del suelo célebres por producir la mayoría de antibióticos naturales
Bifidobacteriaceae;Bifidobacteriales;Familia;Bacterias anaerobias ramificadas, esenciales para la salud del tracto gastrointestinal animal
Actinomycetaceae;Actinomycetales;Familia;Bacterias Gram positivas filamentosas que habitan comúnmente en las mucosas animales
Propionibacteriaceae;Propionibacteriales;Familia;Bacterias anaerobias que fermentan azúcares produciendo ácido propiónico como metabolito principal
Microcystaceae;Chroococcales;Familia;Cianobacterias unicelulares o coloniales, conocidas por producir toxinas en agua dulce
Gomphosphaeriaceae;Chroococcales;Familia;Cianobacterias coloniales con células dispuestas radialmente sobre filamentos ramificados de mucílago
Coccochloraceae ;Chroococcales;Familia;Familia tradicional de cianobacterias unicelulares con envolturas gelatinosas o mucilaginosas conspicuas
Oscillatoriaceae;Oscillatoriales;Familia;Cianobacterias filamentosas móviles sin ramificaciones ni heterocistos diferenciados estructuralmente
Microcoleaceae;Oscillatoriales;Familia;Cianobacterias filamentosas que suelen agrupar múltiples tricomas dentro de una vaina común
Nostocaceae;Nostocales;Familia;Cianobacterias filamentosas con heterocistos y acinetos, capaces de formar colonias gelatinosas
Aphanizomenaceae;Nostocales;Familia;Cianobacterias filamentosas flotantes que forman agregados paralelos macroscópicos en el agua
Calotrichaceae;Nostocales;Familia;Cianobacterias filamentosas con tricomas atenuados que presentan un heterocisto basal característico
Scytonemataceae;Nostocales;Familia;Cianobacterias filamentosas caracterizadas por presentar falsas ramificaciones simples o dobles
Stigonemataceae;Nostocales;Familia;Cianobacterias filamentosas complejas que exhiben ramificaciones verdaderas y crecimiento multiseriado
Rivulariaceae;Nostocales;Familia;Cianobacterias filamentosas con tricomas aguzados basalmente y organizadas en colonias hemisféricas
Rhizobiaceae;Hyphomicrobiales;Familia;Bacterias Gram negativas asociadas a plantas, capaces de fijar nitrógeno en nódulos radiculares
Acetobacteraceae;Rhodospirillales;Familia;Bacterias Gram negativas capaces de oxidar etanol para producir ácido acético
Neisseriaceae;Neisseriales;Familia;Bacterias Gram negativas diplocócicas que colonizan las superficies mucosas de animales endotermos
Burkholderiaceae;Burkholderiales;Familia;Bacterias Gram negativas metabólicamente versátiles, de gran importancia médica, agrícola y ambiental
Yersiniaceae;Enterobacterales;Familia;Bacilos Gram negativos que incluye al agente causal de la peste bubónica
Enterobacteriaceae;Enterobacterales;Familia;Bacilos Gram negativos anaerobios facultativos que habitan comúnmente el intestino animal
Morganellaceae;Enterobacterales;Familia;Bacterias Gram negativas patógenas oportunistas
Erwiniaceae;Enterobacterales;Familia;Bacterias Gram negativas asociadas a plantas
Pectobacteriaceae;Enterobacterales;Familia;Bacterias fitopatógenas que degradan la pectina vegetal, causando pudrición blanda en cultivos
Pseudomonadaceae;Pseudomonadales;Familia;Bacterias Gram negativas aerobias con flagelos polares y una versatilidad metabólica extraordinaria
Moraxellaceae;Pseudomonadales;Familia;Bacterias Gram negativas cocobacilares que habitan de forma comensal en mucosas de mamíferos
Pasteurellaceae;Pasteurellales;Familia;Bacterias Gram negativas exigentes, parásitas comunes del tracto respiratorio de vertebrados
Lysobacteraceae;Lysobacterales;Familia;Bacterias Gram negativas con motilidad por deslizamiento, depredadoras o fitopatógenas
Vibrionaceae;Vibrionales;Familia;Bacterias Gram negativas marinas, móviles mediante flagelos polares, comúnmente de forma curvada
Campylobacteraceae;Campylobacterales;Familia;Bacterias espirales o curvas que requieren condiciones microaerófilas para su crecimiento
Helicobacteraceae;Campylobacterales;Familia;Bacterias helicoidales Gram negativas adaptadas a vivir en las mucosas estomacales e intestinales
Chlamydiaceae;Chlamydiales;Familia;Bacterias esféricas parásitas intracelulares obligadas con un ciclo de vida dimórfico único
Thermaceae;Thermales;Familia;Bacterias quimioorganótrofas hipertermófilas que habitan en fuentes termales naturales o artificiales
Methanobacteriaceae;Methanobacteriales;Familia;Arqueas metanógenas anaerobias que producen metano reduciendo dióxido de carbono con hidrógeno
Methanothermaceae;Methanobacteriales;Familia;Arqueas hipertermófilas metanógenas extremas aisladas principalmente de fuentes hidrotermales profundas
Thermococcaceae;Thermococcales;Familia;Arqueas hipertermófilas anaerobias obligadas que dependen de la reducción de azufre elemental
Halobacteriaceae;Halobacteriales;Familia;Arqueas halófilas extremas que requieren altas concentciones de cloruro de sodio para sobrevivir
Nanobdellaceae;Nanobdellales;Familia;Arqueas parásitas ultrapequeñas de la línea filogenética DPANN
Microcaldaceae;Microcaldales;Familia;Arqueas hipertermófilas diminutas adaptadas a vivir en ambientes termales de alta temperatura
Promethearchaeaceae;Promethearchaeales;Familia;Arqueas anaerobias del supergrupo Asgard, cruciales para descifrar el origen del linaje eucariota
Nitrosopumilaceae;Nitrosopumilales;Familia;Arqueas marinas que obtienen energía oxidando amoníaco quimiolitotróficamente
Sulfolobaceae;Sulfolobales;Familia;Arqueas termoacidófilas capaces de oxidar azufre en fuentes termales continentales ácidas
Desulfurococcaceae;Desulfurococcales;Familia;Arqueas hipertermófilas óptimas a temperaturas elevadas que utilizan respiración anaeróbica dependiente de azufre
Lactobacillus;Lactobacillaceae;Género;Bacilos Gram positivos productores de ácido láctico, esenciales en la fermentación láctea
Streptococcus;Streptococcaceae;Género;Bacilos Gram positivos productores de ácido láctico, esenciales en la fermentación láctea
Lactococcus;Streptococcaceae;Género;Cocos Gram positivos fermentadores, ampliamente utilizados en la industria quesera mundial
Staphylococcus;Staphylococcaceae;Género;Cocos Gram positivos en racimos; S. aureus es un patógeno oportunista común
Bacillus;Bacillaceae;Género;Bacilos Gram positivos aerobios formadores de endosporas, comunes en el suelo
Clostridium;Clostridiaceae;Género;Bacilos Gram positivos anaerobios estrictos productores de potentes toxinas
Mycobacterium;Mycobacteriaceae;Género;Bacilos ácido-alcohol resistentes que causan enfermedades graves como la tuberculosis y lepra
Corynebacterium;Corynebacteriaceae;Género;Bacterias pleomórficas Gram positivas; C. diphtheriae es el agente de la difteria
Nocardia;Nocardiaceae;Género;Bacterias Gram positivas aerobias filamentosas que pueden causar infecciones pulmonares y cutáneas
Clavibacter ;Microbacteriaceae;Género;Género de bacterias Gram positivas fitopatógenas que causan marchitez en cultivos económicos
Streptomyces;Streptomycetaceae;Género;Bacterias filamentosas del suelo, principal fuente biológica de antibióticos de uso médico
Bifidobacterium;Bifidobacteriaceae;Género;Bacterias anaerobias ramificadas que predominan en la microbiota intestinal de lactantes sanos
Actinomyces;Actinomycetaceae;Género;Bacterias Gram positivas anaerobias o microaerófilas que colonizan la cavidad bucal animal
Propionibacterium ;Propionibacteriaceae;Género;Bacterias que fermentan lactato produciendo ácido propiónico, usadas en el queso
Rhizobium;Rhizobiaceae;Género;Bacterias fijadoras de nitrógeno que forman simbiosis mutualistas en raíces de leguminosas
Agrobacterium;Rhizobiaceae;Género;Bacterias del suelo capaces de transferir ADN a plantas, induciendo tumores
Acetobacter ;Acetobacteraceae;Género;Bacterias Gram negativas aerobias que oxidan el etanol para producir ácido acético
Neisseria ;Neisseriaceae;Género;Diplococos Gram negativos patógenos; incluye a los agentes de gonorrea y meningitis
Ralstonia;Burkholderiaceae;Género;Bacterias Gram negativas fitopatógenas que obstruyen el sistema vascular de las plantas
Yersinia;Yersiniaceae;Género;Bacilos Gram negativos; Y. pestis es la bacteria responsable de la peste
Serratia;Yersiniaceae;Género;Bacterias Gram negativas conocidas por producir un característico pigmento rojo, la prodigiosina
Escherichia;Enterobacteriaceae;Género;Bacteria Gram negativa modelo de la microbiota intestinal; incluye cepas patógenas (E. coli)
Salmonella;Enterobacteriaceae;Género;Enterobacterias Gram negativas que causan fiebres tifoideas y gastroenteritis por alimentos contaminados
Shigella;Enterobacteriaceae;Género;Bacterias Gram negativas estrechamente emparentadas con E. coli, causantes de disentería bacilar
Klebsiella;Enterobacteriaceae;Género;Bacilos Gram negativos capsulados, agentes frecuentes de neumonías e infecciones intrahospitalarias
Citrobacter;Enterobacteriaceae;Género;Bacterias Gram negativas oportunistas que utilizan citrato como única fuente de carbono
Enterobacter;Enterobacteriaceae;Género;Bacilos Gram negativas ubicuos en la naturaleza y patógenos nosocomiales comunes
Proteus;Morganellaceae;Género;Bacterias Gram negativas con motilidad flagelar invasiva, comunes en infecciones urinarias
Morganella;Morganellaceae;Género;Bacterias Gram negativas causantes de infecciones oportunistas postoperatorias y urinarias
Erwinia;Erwiniaceae;Género;Bacterias Gram negativas fitopatógenas asociadas con el marchitamiento y necrosis de plantas
Pectobacterium ;Pectobacteriaceae;Género;Bacterias fitopatógenas que causan pudrición blanda mediante la producción de enzimas pectolíticas
Pseudomonas;Pseudomonadaceae;Género;Bacilos Gram negativos con flagelos polares y una resistencia intrínseca a antibióticos
Acinetobacter;Moraxellaceae;Género;Cocobacilos Gram negativos no móviles, causantes de infecciones intrahospitalarias multirresistentes
Haemophilus;Pasteurellaceae;Género;Bacterias Gram negativas exigentes que requieren factores sanguíneos específicos para su crecimiento
Xanthomonas;Lysobacteraceae;Género;Bacterias fitopatógenas Gram negativas productoras del polisacárido industrial goma xantana
Xylella ;Lysobacteraceae;Género;Bacteria fitopatógena Gram negativa confinada al xilema y transmitida por insectos vectores
Vibrio;Vibrionaceae;Género;Bacterias Gram negativas curvadas; V. cholerae es el agente causal del cólera
Campylobacter;Campylobacteraceae;Género;Bacilos Gram negativos curvos que causan una de las principales gastroenteritis alimentarias
Helicobacter;Helicobacteraceae;Género;Bacteria espiral Gram negativa que coloniza el estómago humano, asociada a úlceras
Chlamydia;Chlamydiaceae;Género;Bacterias esféricas parásitas intracelulares obligadas con un ciclo replicativo dimórfico único
Thermus ;Thermaceae;Género;Bacterias hipertermófilas cuya ADN polimerasa (Taq) revolucionó la técnica de la PCR
Methanobrevibacter;Methanobacteriaceae;Género;Arqueas metanógenas anaerobias que forman parte de la microbiota del rumen animal
Methanothermus;Methanothermaceae;Género;Arqueas hipertermófilas extremas que producen metano de forma óptima a 88 °C
Pyrococcus;Thermococcaceae;Género;Arqueas hipertermófilas marinas de las que se extrae la polimerasa de alta fidelidad Pfu
Halobacterium;Halobacteriaceae;Género;Arqueas halófilas extremas que utilizan bacteriorrodopsina para realizar una síntesis ATP fotosensible
Nanobdella;Nanobdellaceae;Género;Arqueas parásitas ultrapequeñas que dependen metabólicamente del contacto físico con su hospedador
Microcaldus;Microcaldaceae;Género;Arqueas hipertermófilas diminutas aisladas recientemente en fuentes termales submarinas
Promethearchaeum;Promethearchaeaceae;Género;Arquea del supergrupo Asgard cultivada en laboratorio, clave para comprender el origen eucariota
Nitrosopumilus;Nitrosopumilus;Género;Arqueas marinas que oxidan amoníaco a nitrito fijando carbono en los océanos
Sulfolobus;Sulfolobaceae;Género;Arqueas termoacidófilas de fuentes azufradas que crecen de forma óptima a pH muy bajo
Ignicoccus;Desulfurococcaceae;Género;Arqueas hipertermófilas marinas que albergan en su superficie exterior a la arquea simbionte Nanoarchaeum equitans
Protista*;Eukarya;Reino;No es un reino monofilético. Agrupa a organismos unicelulares que no pertenecen a los otros reinos
Excavata;Protista*;Infrareino;Supergrupo de eucariotas unicelulares que frecuentemente presentan un surco de alimentación ventral característico
SAR;Protista*;Infrareino;Macrogrupo eucariota filogenéticamente masivo integrado por estramenópilos, alveolados y rizarios
Amorphea;Protista*;Infrareino;Supergrupo eucariota que incluye a los amebozoos, hongos y todos los animales pluricelulares
Discoba;Excavata;Parvreino;Linaje basal de Excavata con crestas mitocondriales discoideas, incluyendo euglenozoos y percolozoos
Stramenopiles;SAR;Parvreino;Organismos con flagelos heterocontos heterogéneos
Alveolata;SAR;Parvreino;Protistas monofiléticos caracterizados por poseer vesículas aplanadas llamadas alvéolos bajo su membrana celular
Rhizaria;SAR;Parvreino;rotistas unicelulares amoeboides o flagelados que emiten característicos pseudópodos filamentosos, reticulados o finos
Euglenozoa;Discoba;Filo/División;Flagelados que poseen varillas paracristalinas flagelares, incluyendo fotosintéticos facultativos y parásitos tisulares
Metamonada;Excavata;Filo/División;Diplonámidos y parabasálidos anaerobios flagelados que carecen de mitocondrias clásicas estandarizadas metabólicamente
Haptista;Protista*;Filo/División;Protistas caracterizados por poseer un apéndice filamentoso único denominado haptonema para capturar presas
Bigyra;Stramenopiles;Filo/División;Protistas heterótrofos fagótrofos
Ochrophyta;Stramenopiles;Filo/División;Algas fotosintéticas con clorofilas a y c, tales como diatomeas y algas pardas
Miozoa;Alveolata;Filo/División;Linaje que agrupa formalmente a los dinoflagelados marinos y a los parásitos apicomplejos
Ciliophora;Alveolata;Filo/División;Complejos protistas cubiertos de cilios vibrátiles que presentan dimorfismo nuclear con macro y micronúcleo
Foraminifera;Rhizaria;Filo/División;Rizarios marinos que secretan testas calcáreas perforadas a través de las cuales extienden reticulopodios
Radiolaria;Rhizaria;Filo/División;Protistas marinos planctónicos que producen intrincados esqueletos minerales de sílice opalino amorfo
Amoebozoa;Amorphea;Filo/División;Protistas que se desplazan y alimentan mediante pseudópodos lobopodios romos y redondeados genéricamente
Euglenoida;Euglenozoa;Subfilo/Subdivisión;Protistas flagelados que poseen una película proteica articulada y crestas mitocondriales típicamente discoideas
Glycomonada;Euglenozoa;Subfilo/Subdivisión;Incluye kinetoplástidos y euglenoideos caracterizados por poseer glucosomas metabólicos especializados
Haptophyta;Haptista;Subfilo/Subdivisión;Algas unicelulares mayoritariamente marinas que poseen un apéndice flageliforme denominado haptonema
Heliozoa;Haptista;Subfilo/Subdivisión;Protistas amoeboides predominantemente dulceacuícolas con axopodios rígidos dispuestos radialmente en forma esférica
Sagenista;Bigyra;Subfilo/Subdivisión;Línea filogenética de estramenópilos heterótrofos que incluye a los laberintúlidos formadores de redes
Girysta;Bigyra;Subfilo/Subdivisión;Clado eucariota que agrupa formalmente a los organismos estramenópilos fotosintéticos y heterótrofos relacionados
Diatomista;Ochrophyta;Subfilo/Subdivisión;Línea evolutiva de algas estramenópilas que incluye de forma destacada a las diatomeas
Chrysista;Ochrophyta;Subfilo/Subdivisión;Clado de algas que reúne principalmente a las crisófitas y a las algas pardas
Apicomplexa;Miozoa;Subfilo/Subdivisión;Clado de algas que reúne principalmente a las crisófitas y a las algas pardas
Dinoflagellata;Miozoa;Subfilo/Subdivisión;Protistas acuáticos con dos flagelos característicos y paredes celulares compuestas por placas tecales
Intramacronucleata;Ciliophora;Subfilo/Subdivisión;Ciliados donde la división del macronúcleo ocurre mediante microtúbulos internos especializados
Postciliodesmatophora;Ciliophora;Subfilo/Subdivisión;Ciliados caracterizados por poseer postciliodesmas prominentes y macronúcleos que no se dividen directamente
Lobosa;Amoebozoa;Subfilo/Subdivisión;Amebozoos que se desplazan emitiendo pseudópodos cilíndricos o lobulados carentes de soporte interno
Conosa;Amoebozoa;Subfilo/Subdivisión;Clado de amebozoos que típicamente desarrollan flagelos y cuerpos basales asociados al núcleo
Khakista;Diatomista;Superclase;Grupo filogenético de estramenópilos fotosintéticos que abarca a las diatomeas y taxones afines
Hypogyrista;Diatomista;Superclase;Linaje menor de protistas estramenópilos con características flagelares y ultraestructurales basales distintivas
Phagochrysia;Chrysista;Superclase;Crisófitas predominantemente heterótrofas que retienen la capacidad de fagocitar partículas alimenticias activamente
Eustigmista;Chrysista;Superclase;Pequeño grupo de algas unicelulares estramenópilas que poseen un estigma ocular extraplastidial característico
Marista;Chrysista;Superclase;Macrogrupo eucariota que reúne linajes específicos dentro de la radiación evolutiva de estramenópilos
Peranemea;Euglenoida;Clase;Euglenozoos flagelados heterótrofos que poseen un aparato de ingestión celular rígido para fagocitar
Euglenophyceae;Euglenoida;Clase;Algas unicelulares fotosintéticas con cloroplastos rodeados por tres membranas obtenidos por endosimbiosis
Kinetoplastea;Glycomonada;Clase;Protistas flagelados caracterizados por poseer una gran masa de ADN mitocondrial llamada kinetoplasto
Fornicata;Metamonada;Clase;Eucariotas unicelulares anaerobios que carecen de mitocondrias típicas y de aparato de Golgi
Parabasalia;Metamonada;Clase;Protistas anaerobios flagelados que poseen un característico cuerpo parabasal asociado al aparato de Golgi
Prymnesiophyceae;Haptophyta;Clase;Algas unicelulares predominantemente marinas cubiertas por escamas calcáreas denominadas cocolitos frecuentemente
Pavlovophyceae;Haptophyta;Clase;Linaje basal de haptófitas con flagelos marcadamente desiguales y manchas oculares extraplastidiales
Labirynthulomycetes;Sagenista;Clase;Estramenópilos heterótrofos marinos que forman redes ectoplásmicas tubulares para deslizarse y nutrirse
Opalinea;Bigyra;Clase;Protistas multinucleados cubiertos de filas de cilios que habitan como comensales en intestinos
Pseudofungi;Girysta;Clase;Falsos hongos, incluye a los oomicetos
Bacillariophyceae;Khakista;Clase;Algas unicelulares fotosintéticas (diatomeas) con frústulos de sílice opalino formados por dos tecas
Dictyochophyceae;Hypogyrista;Clase;Algas unicelulares marinas componentes del fitoplancton que suelen poseer intrincados esqueletos silíceos radiales
Chrysophyceae;Phagochrysia;Clase;Algas doradas dulceacuícolas con pigmentos de fucoxantina que forman característicos quistes de resistencia silíceos
Synurophyceae;Phagochrysia;Clase;Algas unicelulares fotosintéticas cubiertas por intrincadas escamas de sílice ordenadas en patrones precisos
Eustigmatophyceae;Eustigmista;Clase;Pequeño grupo de algas unicelulares estramenópilas que poseen un estigma ocular extraplastidial rojizo
Raphidophyceae;Marista;Clase;Algas unicelulares flageladas marinas y dulceacuícolas que poseen numerosos cloroplastos y carecen de pared celular
Xantophyceae;Marista;Clase;Algas de color amarillo-verdoso debido a la ausencia de fucoxantina, predominantemente de agua dulce
Phaeophyceae;Marista;Clase;Algas pardas pluricelulares marinas que forman complejas estructuras tisulares y contienen abundante fucoxantina
Globothalamea;Foraminifera;Clase;Foraminíferos que producen testas multiloculares con cámaras típicamente globulares o trocoides organizadas coherentemente
Conoidasida;Apicomplexa;Clase;Apicomplejos parásitos que poseen un conoide completo y funcional en su complejo apical
Aconoidasida;Apicomplexa;Clase;Apicomplejos parásitos que carecen de conoide en la mayoría de sus estadios biológicos activos
Noctilucea (Noctilucophyceae);Dinoflagellata;Clase;Dinoflagelados marinos heterótrofos macroscópicos conocidos por producir espectaculares fenómenos de bioluminiscencia
Dinophyceae;Dinoflagellata;Clase;Dinoflagelados fotosintéticos clásicos con núcleo dinakaryon que poseen cloroplastos con clorofilas a y c
Oligohymenophora;Intramacronucleata;Clase;Ciliados que poseen un aparato bucal bien definido con distintas membranas adorales membranelas
Phyllopharyngea;Intramacronucleata;Clase;Ciliados que presentan un aparato citofaríngeo reforzado por cintas radiales de microtúbulos longitudinales
Spirotrichea;Intramacronucleata;Clase;Ciliados caracterizados por una notable zona adoral de membranelas bucales dispuestas espiraladamente en sentido antihorario
Heterotrichea;Postciliodesmatophora;Clase;Ciliados típicamente grandes con una ciliatura somática uniforme y pigmentación celular sumamente conspicua
Tubulinea;Lobosa;Clase;Amebozoos con pseudópodos cilíndricos que presentan un flujo citoplásmico monoaxial típicamente direccional y coordinado
Dictyostelea;Conosa;Clase;Amebas sociales que se agregan cooperativamente para formar cuerpos fructíferos multicelulares ante la inanición
Myxogastrea;Conosa;Clase;Hongos mucilaginosos verdaderos que forman un gran plasmodio multinucleado móvil y fagotrófico durante su ciclo
Hyphochytriomycetes;Pseudofungi;Subclase;Organismos acuáticos parecidos a hongos que producen zoósporas con un único flagelo anterior pleuronemado
Peronosporomycetes (Oomycetes);Pseudofungi;Subclase;Mohos acuáticos filamentosos no fotosintéticos con paredes de celulosa, muchos de ellos fitopatógenos devastadores
Bacillariophycidae;Bacillariophyceae;Subclase;Diatomeas que típicamente incluye formas con simetría pennada y rafe longitudinal conspicuo
 Coscinodiscophycidae;Bacillariophyceae;Subclase;Diatomeas marinas radiales que presentan simetría concéntrica y carecen de estructuras de rafe
Fragilariophycidae;Bacillariophyceae;Subclase;Diatomeas pennadas que carecen de un rafe verdadero en sus frústulos silíceos estructurados ornamentados
Saprolegniidae;Peronosporomycetes (Oomycetes);Infraclase;Oomicetos acuáticos saprófitos o parásitos que comúnmente afectan a peces y anfibios en ecosistemas dulceacuícolas
Peronosporidae;Peronosporomycetes (Oomycetes);Infraclase;Oomicetos fitopatógenos especializados que causan los mildius vellosos en una amplia variedad de cultivos terrestres
Peranemida;Peranemea;Orden;Euglenozoos flagelados heterótrofos con un aparato de ingestión celular rígido para fagocitar
Euglenida;Euglenophyceae;Orden;Flagelados fotosintéticos o heterótrofos que poseen una película proteica externa articulada
Trypanosomatida;Kinetoplastea;Orden;Kinetoplástidos parásitos unicelulares con un solo flagelo, causantes de graves enfermedades tropicales
Diplomonadida;Fornicata;Orden;Flagelados anaerobios con simetría bilateral que poseen dos núcleos idénticos y mitosomas
Trichonymphida;Parabasalia;Orden;Complejos flagelados simbiontes obligados del intestino de termitas que degradan la celulosa
Prymnesiales;Prymnesiophyceae;Orden;Haptófitas unicelulares con dos flagelos y un haptonema bien desarrollado para capturar presas
Coccolithales;Prymnesiophyceae;Orden;Algas marinas unicelulares cubiertas por escamas calcáreas ornamentadas llamadas cocolitos
Pavlovales;Pavlovophyceae;Orden;Haptófitas basales con flagelos marcadamente desiguales y manchas oculares libres del plastidio
Centrohelida;Heliozoa;Orden;Protistas amoeboides heliozoos con axopodios rígidos dispuestos radialmente para capturar alimento
Labyrinthulida;Labirynthulomycetes;Orden;Estramenópilos coloniales marinos que se deslizan a través de redes ectoplásmicas ramificadas
Opalinida;Opalinea;Orden;Protistas multinucleados comensales del tracto digestivo de anfibios cubiertos por hileras de flagelos
Hyphochytriales;Hyphochytriomycetes;Orden;Pseudohongos acuáticos cuyas zoósporas presentan un único flagelo anterior con mastigonemas
Saprolegniales;Saprolegniidae;Orden;Mohos acuáticos saprófitos o parásitos de peces con reproducción oogámica y zoósporas biflageladas
Albuginales;Saprolegniidae;Orden;Oomicetos parásitos obligados que causan la enfermedad de la «roya blanca» en vegetales
Pythiales;Peronosporidae;Orden;Oomicetos del suelo responsables de la pudrición radicular en plántulas agrícolas vulnerables
Peronosporales;Peronosporidae;Orden;Oomicetos fitopatógenos avanzados que provocan los devastadores mildius vellosos en cultivos terrestres
 Surirellales;Bacillariophycidae;Orden;Diatomeas pennadas que poseen un rafe ubicado característicamente a lo largo de los márgenes valvulares
Naviculales;Bacillariophycidae;Orden;Grandes diatomeas pennadas móviles provistas de un rafe central longitudinal bien definido
Diploneidales;Bacillariophycidae;Orden;Diatomeas pennadas simétricas con costillas silíceas robustas e intrincadas a los lados del rafe
Eunotiales;Bacillariophycidae;Orden;Diatomeas que poseen rafes cortos rudimentarios localizados en los extremos de las valvas curvadas
Sellaphorales;Bacillariophycidae;Orden;Diatomeas pennadas caracterizadas por la morfología particular de sus cloroplastos e istmos centrales
Bacillariales;Bacillariophycidae;Orden;Diatomeas pennadas que poseen un rafe quillado excéntrico y forman colonias filamentosas móviles
Thalassiosirales; Coscinodiscophycidae;Orden;Diatomeas céntricas que se unen formando cadenas mediante delgados hilos de quitosano
Biddulphiales; Coscinodiscophycidae;Orden;Diatomeas céntricas con valvas bipolares que presentan elevaciones apicales notorias denominadas cuernos
Coscinodiscales; Coscinodiscophycidae;Orden;Diatomeas céntricas marinas con valvas circulares ornamentadas con areolas dispuestas radialmente
Rhizosoleniales; Coscinodiscophycidae;Orden;Diatomeas cilíndricas alargadas con numerosas bandas copulares y una espina apical prominente
Chaetocerotales; Coscinodiscophycidae;Orden;Diatomeas céntricas planctónicas provistas de largas setas silíceas espinosas que facilitan la flotación
Fragilariales;Fragilariophycidae;Orden;Diatomeas pennadas coloniales que carecen por completo de un rafe verdadero en sus valvas
Dictyochales;Dictyochophyceae;Orden;Algas unicelulares silicoflageladas componentes del fitoplancton marino con un esqueleto silíceo tubular externo
 Chromulinales;Chrysophyceae;Orden;Crisófitas unicelulares o coloniales con células flageladas típicas desnudas o con escamas silíceas
Ochromonadales;Chrysophyceae;Orden;Crisófitas flageladas metabólicamente mixótrofas capaces de realizar fotosíntesis y fagocitar bacterias activamente
 Hibberdiales;Chrysophyceae;Orden;Algas crisófitas con características ultraestructurales peculiares en el aparato flagelar y aparato mitótico
 Chrysosaccales;Chrysophyceae;Orden;Crisófitas que pasan la mayor parte de su ciclo biológico en estadios coloniales palmelloides
Synurales;Synurophyceae;Orden;Algas coloniales doradas cubiertas completamente por intrincadas escamas de sílice imbricadas geométricamente
Eustigmatales;Eustigmatophyceae;Orden;Algas unicelulares estramenópilas caracterizadas por un estigma ocular globoso y externo al cloroplasto
Chattonellales;Raphidophyceae;Orden;lgas flageladas marinas (rafidófitas) capaces de formar nocivas floraciones algales tóxicas
Tribonematales;Xantophyceae;Orden;Algas amarillo-verdosas (xantófitas) filamentosas cuyas paredes celulares están formadas por piezas en H
Vaucheriales;Xantophyceae;Orden;Xantófitas filamentosas sifonales cenocíticas que presentan anteridios y oogonios especializados bien diferenciados
Dictyotales;Phaeophyceae;Orden;Algas pardas marinas con talos aplanados dicotómicos que exhiben un crecimiento apical nítido
Sphacelariales;Phaeophyceae;Orden;Algas pardas filamentosas caracterizadas por poseer células apicales polisticas grandes y oscuras
Desmarestiales;Phaeophyceae;Orden;Algas pardas con talos complejos ramificados que acumulan internamente altas concentraciones de ácido sulfúrico
Ectocarpales;Phaeophyceae;Orden;Algas pardas filamentosas sencillas con talos pseudoparenquimáticos y alternancia de generaciones isomórfica
Fucales;Phaeophyceae;Orden;Algas pardas complejas con receptáculos reproductivos que presentan un ciclo de vida diplonte dominante
Laminariales;Phaeophyceae;Orden;Algas pardas gigantes con talos diferenciados en rizoide, estipe y grandes láminas fotosintéticas
Ralfsiales;Phaeophyceae;Orden;Algas pardas costrosas perennes fuertemente adheridas al sustrato rocoso de la zona intermareal
Scytothamnales;Phaeophyceae;Orden;Pequeño orden de algas pardas con talos erectos filamentosos cartilaginosos de regiones australes
Sporochnales;Phaeophyceae;Orden;Algas pardas marinas con ramas portadoras de característicos penachos apicales de filamentos asimiladores
Tilopteridales;Phaeophyceae;Orden;Algas pardas raras que presentan una combinación única de reproducción por monósporas y tricoblastos
Rotaliida;Globothalamea;Orden;Foraminíferos bentónicos que construyen testas calcáreas multiloculares dispuestas en espirales trocoides complejas
Eugregarinorida;Conoidasida;Orden;Apicomplejos parásitos de invertebrados que realizan un movimiento por deslizamiento sin invadir tejidos
Eucoccidiorida;Conoidasida;Orden;Apicomplejos parásitos intracelulares obligados que causan severas coccidiosis en diversos vertebrados domésticos
Haemospororida;Aconoidasida;Orden;Apicomplejos parásitos tisulares transmitidos por dípteros; incluye al agente causal de la malaria
Noctilucales;Noctilucea (Noctilucophyceae);Orden;Grandes dinoflagelados marinos heterótrofos y voraces conocidos por emitir intensa bioluminiscencia nocturna
Peridinales;Dinophyceae;Orden;Dinoflagelados tecados clásicos con placas de celulosa bien organizadas según fórmulas tabulares precisas
Gonyaulacales;Dinophyceae;Orden;Dinoflagelados tecados responsables de las mareas rojas productoras de peligrosas toxinas paralizantes
Prorocentrales;Dinophyceae;Orden;Dinoflagelados cuyas placas tecales se dividen simétricamente en dos grandes valvas longitudinales contiguas
Dinophysales;Dinophyceae;Orden;Dinoflagelados marinos tecados lateralmente comprimidos provistos de llamativas aletas o extensiones ciliares
 Gymnodiniales;Dinophyceae;Orden;Dinoflagelados «desnudos» que carecen de placas tecales rígidas de celulosa en su periferia
Peniculida;Oligohymenophora;Orden;Ciliados oligohimenóforos que poseen estructuras bucales complejas con orgánulos llamados penículos
Sessilida;Oligohymenophora;Orden;Ciliados peritricos sésiles que se anclan al sustrato mediante un pedúnculo contráctil largo
 Exogenida;Phyllopharyngea;Orden;Ciliados suctores sésiles depredadores cuyas células hijas emergen por gemación exógena externa
Euplotida;Spirotrichea;Orden;Ciliados hipotricos aplanados que utilizan cirros fusionados para caminar sobre los sustratos acuáticos
Heterotrichida;Heterotrichea;Orden;Ciliados somáticos uniformes típicamente grandes con una zona adoral de membranelas muy desarrollada
Euamoebida;Tubulinea;Orden;Amebas desnudas que emiten pseudópodos cilíndricos monopodiales o lobopodios romos sin estadios flagelados
Pelobiontida;Tubulinea;Orden;Amebas anaerobias flageladas basales que habitan sedimentos orgánicos y carecen de mitocondrias clásicas
Arcellinida;Tubulinea;Orden;Amebas testáceas que producen una cubierta protectora rígida orgánica o cementada con partículas minerales
Dictyostelida;Dictyostelea;Orden;Amebas sociales que se congregan quimiotácticamente formando un pseudoplasmodio multicelular para fructificar
Physarida;Myxogastrea;Orden;Hongos mucilaginosos macroscópicos con plasmodios móviles acelulares que exhiben corrientes citoplásmicas alternantes vigorosas
Peranemidae;Peranemida;Familia;Euglenozoos flagelados heterótrofos dotados de un aparato de ingestión celular rígido
Euglenidae;Euglenida;Familia;Flagelados fotosintéticos o heterótrofos caracterizados por poseer una película proteica externa articulada
Phacidae;Euglenida;Familia;Euglenoideos fotosintéticos estables que poseen una película rígida aplanada y cloroplastos numerosos
Trypanosomatidae;Trypanosomatida;Familia;Kinetoplástidos parásitos unicelulares con un solo flagelo, causantes de graves patologías tropicales
Giardiidae ;Diplomonadida;Familia;Diplonámidos parásitos anaerobios provistos de dos núcleos idénticos y un disco ventral
Trichonymphidae;Trichonymphida;Familia;Complejos flagelados simbiontes obligados de termitas que facilitan la degradación de celulosa
Prymnesiaceae;Prymnesiales;Familia;Algas haptófitas provistas de dos flagelos lisos y un apéndice filamentoso haptonema
Coccolithaceae;Coccolithales;Familia;Algas marinas unicelulares cubiertas por escamas calcáreas redondas finamente ornamentadas llamadas cocolitos
Hymenomonadaceae;Coccolithales;Familia;Haptófitas unicelulares mayoritariamente costeras cubiertas por escamas orgánicas no mineralizadas combinadas
Pavlovaceae;Pavlovales;Familia;Linaje basal de haptófitas con flagelos marcadamente desiguales y manchas oculares extraplastidiales
 Actinophryidae;Centrohelida;Familia;Heliozoos predominantemente dulceacuícolas con axopodios rígidos dispuestos radialmente desde el cuerpo celular
Labyrinthulidae;Labyrinthulida;Familia;Estramenópilos coloniales marinos que se desplazan activamente a través de redes ectoplásmicas tubulares
Hyphochytriaceae;Hyphochytriales;Familia;Pseudohongos acuáticos cuyas zoósporas presentan un único flagelo anterior provisto de mastigonemas
Saprolegniaceae;Saprolegniales;Familia;Oomicetos acuáticos o de suelo que actúan como saprófitos o parásitos de peces
Leptolegniaceae;Saprolegniales;Familia;Pseudohongos filamentosos acuáticos emparentados con las saprolegniales, algunos utilizados en control biológico
Albuginaceae;Albuginales;Familia;Oomicetos parásitos obligados que causan la enfermedad de la «roya blanca» en vegetales
Pythiaceae;Pythiales;Familia;Pseudohongos filamentosos acuáticos emparentados con las saprolegniales, algunos utilizados en control biológico
Peronosporaceae;Peronosporales;Familia;Oomicetos parásitos biotróficos obligados responsables del «mildiú velloso» en plantas vasculares
Surirellaceae; Surirellales;Familia;Diatomeas pennadas que poseen un rafe ubicado característicamente a lo largo de los márgenes
Naviculaceae;Naviculales;Familia;Diatomeas pennadas móviles provistas de un rafe central longitudinal nítido bien definido
Diploneidaceae;Diploneidales;Familia;Diatomeas pennadas simétricas con costillas silíceas robustas dispuestas lateralmente respecto al rafe
Eunotiaceae;Eunotiales;Familia;Diatomeas con rafes cortos rudimentarios localizados en los extremos de valvas asimétricas
Pinnulariaceae;Sellaphorales;Familia;Diatomeas pennadas robustas caracterizadas por poseer cámaras alveolares transversales en sus valvas
Achnanthaceae;Bacillariales;Familia;Diatomeas pennadas con valvas heterovalvares, donde solo una cara posee un rafe funcional
Bacillariaceae;Bacillariales;Familia;Diatomeas pennadas móviles provistas de un rafe quillado excéntrico y células alargadas
Thalassiosiraceae;Thalassiosirales;Familia;Diatomeas céntricas que se unen formando cadenas largas mediante delgados hilos de quitosano
Biddulphiaceae;Biddulphiales;Familia;Diatomeas céntricas bipolares que presentan notorias elevaciones apicales en sus valvas silíceas
Coscinodiscaceae;Coscinodiscales;Familia;Diatomeas céntricas marinas circulares con areolas ornamentadas dispuestas radialmente en la valva
Rhizosoleniaceae;Rhizosoleniales;Familia;Diatomeas cilíndricas alargadas compuestas por numerosos anillos copulares y una espina terminal
Chaetocerotaceae;Chaetocerotales;Familia;iatomeas céntricas planctónicas provistas de largas setas silíceas que facilitan la flotación
Fragilariaceae;Fragilariales;Familia;Diatomeas pennadas coloniales que carecen por completo de un rafe verdadero en sus valvas
Dictyochaceae;Dictyochales;Familia;Algas marinas silicoflageladas del fitoplancton que poseen un esqueleto interno de sílice tubular
Dinobryaceae; Chromulinales;Familia;Crisófitas coloniales que habitan en el interior de lorigas ramificadas con forma de copa
Ochromonadaceae;Ochromonadales;Familia;Crisófitas flageladas mixótrofas capaces de fotosintetizar y fagocitar bacterias de forma simultánea
Stylococcaceae; Hibberdiales;Familia;Crisófitas sésiles unidas al sustrato mediante un pedúnculo, protegidas por una loriga celular
Chrysococcaceae; Chrysosaccales;Familia;Pequeñas algas crisófitas unicelulares protegidas por cubiertas redondeadas provistas de poros flagelares
Mallomonadaceae;Synurales;Familia;Algas unicelulares doradas cubiertas completamente por intrincadas escamas de sílice provistas de espinas
Eustigmataceae;Eustigmatales;Familia;Algas unicelulares estramenópilas caracterizadas por un estigma ocular conspicuo externo al cloroplasto
Chlorobotryaceae;Eustigmatales;Familia;Algas amarilloverdosas cocoides asociadas en grupos globosos dentro de una matriz mucilaginosa común
Chattonellaceae;Chattonellales;Familia;Algas flageladas marinas (rafidófitas) capaces de provocar nocivas floraciones algales altamente tóxicas
Vacuolariaceae;Chattonellales;Familia;Rafidófitas dulceacuícolas flageladas que carecen de pared celular y poseen numerosas vacuolas contráctiles
Tribonematacae;Tribonematales;Familia;Algas xantófitas filamentosas cuyas paredes celulares rígidas están constituidas por piezas solapadas en H
Vaucheriacea;Vaucheriales;Familia;Xantófitas filamentosas cenocíticas tubulares que presentan anteridios y oogonios diferenciados para la reproducción
Dictyotaceae;Dictyotales;Familia;Algas pardas con talos aplanados dicotómicos que exhiben un crecimiento apical nítido definido
Cladostephaceae;Sphacelariales;Familia;Algas pardas filamentosas que presentan verticilos regulares de ramas cortas de aspecto determinado
Phaeostrophiaceae;Sphacelariales;Familia;Algas pardas marinas con talos aplanados laminares sencillos de distribución predominantemente boreal
Sphacelariaceae;Sphacelariales;Familia;Algas pardas filamentosas ramificadas caracterizadas por células apicales polísticas prominentes de color oscuro
Stypocaulaceae;Sphacelariales;Familia;Algas pardas filamentosas perennes que forman densos céspedes ramificados sobre sustratos rocosos marinos
Sphacelodermaceae;Sphacelariales;Familia;Algas pardas costrosas relacionadas evolutivamente con el grupo filamentoso de las esfacelariales típicas
Arthrocladiaceae;Desmarestiales;Familia;Algas pardas con filamentos axiales rodeados de verticilos de ramitas asimiladoras muy finas
Desmarestiaceae;Desmarestiales;Familia;Algas pardas complejas que acumulan internamente altas concentraciones celulares de ácido sulfúrico concentrado
Adenocystaceae;Ectocarpales;Familia;Algas pardas marinas caracterizadas por poseer talos huecos, globosos o con forma de saco
Ectocarpaceae;Ectocarpales;Familia;Algas pardas filamentosas sencillas con talos pseudoparenquimáticos y alternancia de generaciones isomórfica clara
Scytosiphonaceae;Ectocarpales;Familia;Algas pardas tubulares o laminares con cloroplastos provistos de un gran pirenoide característico
Acinetosporaceae;Ectocarpales;Familia;Algas pardas filamentosas sencillas estrechamente vinculadas al orden de las ectocarpales morfológicamente
Xiphophoraceae;Fucales;Familia;Algas pardas fucoideas endémicas del hemisferio sur con talos ramificados dicotómicamente consistentes
Seirococcaceae;Fucales;Familia;Algas pardas perennes australes con talos robustos provistos de vesículas de gas marginales
Sargassaceae;Fucales;Familia;Algas pardas complejas con filoides y vesículas aerocistos que facilitan la flotación libre marina
Notheiacaea;Fucales;Familia;Algas pardas parásitas obligadas que crecen exclusivamente sobre otros hospedadores marinos específicos
Hormosiraceae;Fucales;Familia;Algas pardas formadoras de talos moniliformes que asemejan cadenas de cuentas infladas flotantes
Himanthaliaceae;Fucales;Familia;Algas pardas fijadas por un disco perenne desde el cual emergen largas cintas receptaculares
Fucaceae;Fucales;Familia;Algas pardas intermareales del hemisferio norte con receptáculos reproductivos terminales inflados por mucílago
Durvillaeaceae;Fucales;Familia;Algas pardas masivas con talos provistos de una estructura interna en panal
Bifurcariopsidaceae;Fucales;Familia;Algas pardas marinas emparentadas con las fucales, con caracteres morfológicos y reproductivos basales
Lessoniaceae;Laminariales;Familia;Algas pardas gigantes con estipes ramificados dicotómicamente que forman densos bosques submarinos marinos
Alariaceae;Laminariales;Familia;Algas pardas macroscópicas con una lámina central provista de esporofilos laterales especializados basales
Laminariaceae;Laminariales;Familia;Algas pardas masivas provistas de rizoides de anclaje, estipe corto y láminas fotosintéticas extensas
Agaraceae;Laminariales;Familia;Algas pardas laminares perennes pertenecientes al grupo de los grandes kelps marinos boreales
Aureophycaceae;Laminariales;Familia;Linaje menor y exclusivo de algas pardas con características ultraestructurales y moleculares distintivas
Chordaceae;Laminariales;Familia;Algas pardas que desarrollan talos cilíndricos largos sin ramificar con forma de cuerda elástica
Akkesiphycaceae;Laminariales;Familia;Algas pardas marinas raras con ciclos de vida heteromórficos peculiares descritas en regiones pacíficas
Pseudochordaceae;Laminariales;Familia;Algas pardas morfológicamente similares a Chordaceae pero filogenéticamente separadas por caracteres ultraestructurales específicos
Mesosporaceae;Ralfsiales;Familia;Algas pardas costrosas costeras que crecen fuertemente adheridas a los sustratos rocosos intermareales
Neoralfsiaceae;Ralfsiales;Familia;Familia segregada de algas pardas costrosas basándose en análisis genéticos y ontogenia reproductiva
Ralfsiaceae;Ralfsiales;Familia;Algas pardas costrosas perennes que forman cubiertas coriáceas oscuras sobre las rocas marinas
Asteronemataceae;Scytothamnales;Familia;Algas pardas filamentosas caracterizadas por poseer cloroplastos dispuestos en forma estrellada radial celular
Bachelotiaceae;Scytothamnales;Familia;Algas pardas filamentosas que presentan agregaciones de cloroplastos e interesantes ciclos reproductivos basales
Splachnidiaceae;Scytothamnales;Familia;Algas pardas con talos cilíndricos ramificados de consistencia gelatinosa que habitan costas australes
Sporochnaceae;Sporochnales;Familia;Algas pardas cuyas ramas portan característicos penachos apicales de filamentos asimiladores muy finos
Phyllariaceae;Tilopteridales;Familia;Algas pardas de aguas frías con talos laminares que carecen de conductos mucilaginosos internos
Tilopteridaceae;Tilopteridales;Familia;Algas pardas raras que combinan la formación de monósporas y tricoblastos en su estructura
Elphidiidae;Rotaliida;Familia;Foraminíferos bentónicos que construyen testas calcáreas provistas de característicos puentes suturales exteriores
Gregarinidae;Eugregarinorida;Familia;Apicomplejos parásitos de invertebrados que realizan movimientos por deslizamiento habitando cavidades corporales u órganos
Eimeriidae;Eucoccidiorida;Familia;Apicomplejos parásitos intracelulares que causan severas infecciones intestinales (coccidiosis) en diversos vertebrados
Plasmodiidae;Haemospororida;Familia;Apicomplejos parásitos heteroxenos que destruyen eritrocitos; incluye al agente biológico de la malaria
Noctilucaceae;Noctilucales;Familia;Grandes dinoflagelados marinos heterótrofos voraces conocidos por producir intensos fenómenos de bioluminiscencia nocturna
Peridiniaceae;Peridinales;Familia;Dinoflagelados tecados clásicos con placas de celulosa organizadas según una fórmula tabular estricta
Protoperidiniaceae;Peridinales;Familia;Dinoflagelados tecados marinos mayoritariamente heterótrofos que capturan presas mediante un pseudópodo de alimentación
Ceratiaceae;Gonyaulacales;Familia;Dinoflagelados tecados caracterizados por poseer largas extensiones celulares llamadas cuernos apicales y antapicales
Gonyaulaceae;Gonyaulacales;Familia;Dinoflagelados tecados responsables de mareas rojas nocivas asociadas a la producción de neurotoxinas
Prorocentraceae;Prorocentrales;Familia;Dinoflagelados cuyas placas tecales externas se dividen simétricamente en dos grandes valvas longitudinales
Dinophysaceae;Dinophysales;Familia;Dinoflagelados marinos tecados comprimidos lateralmente provistos de llamativas aletas o expansiones membranosas
Gymnodiniaceae; Gymnodiniales;Familia;Dinoflagelados acuáticos «desnudos» que carecen de placas tecales de celulosa rígidas perimetrales
Parameciidae;Peniculida;Familia;Ciliados oligohimenóforos alargados con un surco oral profundo revestido por hileras ciliares
Vorticellidae;Sessilida;Familia;Ciliados peritricos sésiles acampanados que se anclan mediante un largo pedúnculo contráctil espiralado
Podophryidae; Exogenida;Familia;Ciliados suctores depredadores sésiles provistos de tentáculos chupadores rígidos para capturar presas
Euplotidae;Euplotida;Familia;Ciliados hipotricos aplanados que utilizan cirros gruesos ventrales para caminar sobre los sustratos
Spirostomidae;Heterotrichida;Familia;Ciliados alargados sumamente contráctiles con una vacuola contráctil posterior grande y macronúcleo moniliforme
Stentoridae;Heterotrichida;Familia;Grandes ciliados con forma de trompeta o embudo provistos de una corona ciliar adoral
Amoebidae;Euamoebida;Familia;Amebas desnudas que emiten pseudópodos cilíndricos o lobopodios romos sin presentar estadios flagelados
Pelomyxidae;Pelobiontida;Familia;Grandes amebas anaerobias multinucleadas que contienen bacterias endosimbiontes en lugar de mitocondrias típicas
Arcellidae;Arcellinida;Familia;Amebas testáceas que secretan una cubierta protectora orgánica circular con un poro central invaginado
Difflugiidae;Arcellinida;Familia;Amebas testáceas que construyen cubiertas protectoras aglutinando granos de arena y partículas minerales del medio
Dictyosteliidae;Dictyostelida;Familia;Amebas sociales que se congregan quimiotácticamente formando pseudoplasmodios multicelulares para producir cuerpos fructíferos
Physaridae;Physarida;Familia;Hongos mucilaginosos con plasmodios acelulares macroscópicos que muestran corrientes citoplásmicas rítmicas reversibles vigorosas
Cryptista;Protista*;Filo/División;Protistas biflagelados que incluye a las criptófitas y líneas afines heterótrofas
Cryptophyta;Cryptista;Subfilo/Subdivisión;Grupo hermano de Archaeplastidae
Cryptophyceae;Cryptophyta;Clase;Clase de algas criptófitas fotosintéticas que poseen pigmentos antena ficobiliproteínas dentro de sus tilacoides
Goniomonadophyceae;Cryptophyta;Clase;Clase de criptistas flagelados exclusivamente heterótrofos que carecen por completo de plastidios u orgánulos fotosintéticos
Cryptomonadales;Cryptophyceae;Orden;Orden de criptófitas fotosintéticas flageladas que poseen un periplasto celular compuesto por placas proteicas
Pyrenomonadales;Cryptophyceae;Orden;Orden de algas criptófitas caracterizadas por cloroplastos que contienen un pirinoide central prominente proyectado
Goniomonadales;Goniomonadophyceae;Orden;Criptistas heterótrofos fagótrofos dulceacuícolas y marinos que capturan bacterias mediante un surco anterior cytostoma
Cryptomonadaceae;Cryptomonadales;Familia;Criptófitas fotosintéticas flageladas provistas de una invaginación celular o surco revestido de eyectosomas
Pyrenomonadaceae;Pyrenomonadales;Familia;Algas criptófitas distinguidas ultraestructuralmente por la morfología particular de sus aparatos nucleomorfos asociados
Chroomonadaceae;Pyrenomonadales;Familia;Criptófitas fotosintéticas caracterizadas por coloraciones celulares intensamente azules o verdosas debido a ficocianinas específicas
Goniomonadaceae;Goniomonadales;Familia;Flagelados heterótrofos criptistas que habitan sedimentos anaerobios o ambientes acuáticos ricos en bacterias
Fungi;Eukarya;Reino;Hongos verdaderos
Dikarya;Fungi;Subreino;Subreino de hongos que poseen células con dos núcleos haploides genéticamente distintos
Opisthosporidia;Fungi;Infrareino;Clado basal de hongos endoparásitos unicelulares con estructuras flagelares o pseudópodos reducidos
Aphelidiomycota;Opisthosporidia;Filo/División;Filo de parasitoides intracelulares de algas que fagocitan el contenido de su huésped
Rozellomycota;Opisthosporidia;Filo/División;Filo de hongos basales endoparásitos obligados que carecen de una pared celular quitinosa
Blastocladiomycota;Fungi;Filo/División;Filo de hongos saprófitos o parásitos que producen zoósporas con un único flagelo
Chrytidiomycota;Fungi;Filo/División;Filo de hongos acuáticos primitivos que poseen esporas móviles dotadas de flagelo posterior
Zoopagomycota;Fungi;Filo/División;Filo de hongos parásitos obligados de pequeños animales microscópicos, protozoos u otros hongos
Mucoromycota;Fungi;Filo/División;Filo de hongos terrestres que forman micelios robustos e incluye a los mohos negros
Ascomycota;Dikarya;Filo/División;Filo de hongos caracterizados por desarrollar esporas sexuales dentro de estructuras llamadas ascas
Basidiomycota;Dikarya;Filo/División;Filo de hongos que producen esporas sexuales externamente sobre estructuras denominadas basidios
Entorrhizomycota;Dikarya;Filo/División;Filo de hongos parásitos especializados que inducen agallas en las raíces de plantas
Entomophthoromycotina;Zoopagomycota;Subfilo/Subdivisión;Subfilo de hongos patógenos obligados que atacan y controlan de forma drástica insectos
Zoopagomycotina;Zoopagomycota;Subfilo/Subdivisión;Subfilo de hongos depredadores microscópicos que capturan nematodos y amebas mediante hifas pegajosas
Mucoromycotina;Mucoromycota;Subfilo/Subdivisión;Subfilo que agrupa mohos saprófitos comunes involucrados en el deterioro de alimentos almacenados
Mortierellomycotina;Mucoromycota;Subfilo/Subdivisión;Subfilo de hongos del suelo capaces de sintetizar ácidos grasos poliinsaturados de valor industrial
Glomeromycotina;Mucoromycota;Subfilo/Subdivisión;Subfilo de hongos simbiontes obligados que forman micorrizas arbusculares con raíces vegetales terrestres
Saccharomycotina;Ascomycota;Subfilo/Subdivisión;Subfilo que comprende a las levaduras verdaderas capaces de realizar fermentación alcohólica industrial
Taphrinomycotina;Ascomycota;Subfilo/Subdivisión;Subfilo de ascomicetos basales dimórficos que parasitan plantas induciendo deformaciones en hojas
Pezizomycotina;Ascomycota;Subfilo/Subdivisión;Subfilo que agrupa a la gran mayoría de hongos ascomicetos que producen cuerpos fructíferos
Pucciniomycotina;Basidiomycota;Subfilo/Subdivisión;Subfilo de basidiometos parásitos fitopatógenos conocidos comúnmente como las royas de las plantas
Ustilaginomycotina;Basidiomycota;Subfilo/Subdivisión;Subfilo de hongos parásitos de gramíneas conocidos popularmente como los carbones del maíz
Agaricomycotina;Basidiomycota;Subfilo/Subdivisión;Subfilo de hongos que incluye a las setas típicas con sombreros y láminas fértiles
Aphelidiomycetes;Aphelidiomycota;Clase;Clase de hongos parasitoides intracelulares que digieren algas mediante fagocitosis
Rozellomycetes;Rozellomycota;Clase;Hongos unicelulares endoparásitos que carecen de pared celular quitinosa madura
Microsporidia;Rozellomycota;Clase;Clase de parásitos intracelulares obligados con esporas dotadas de filamento polar.
Blastocladiomycetes;Blastocladiomycota;Clase;Hongos con alternancia de generaciones que producen zoósporas uniflageladas características
Neocallimastigomycetes;Chrytidiomycota;Clase;Hongos anaerobios obligados que habitan el sistema digestivo de mamíferos herbívoros
Chytridiomycetes;Chrytidiomycota;Clase;Clase de hongos primitivos acuáticos que poseen zoósporas con flagelo posterior
Entomophthoromycetes;Entomophthoromycotina;Clase;Hongos fitopatógenos y parásitos especializados en infectar y destruir insectos terrestres
Mucoromycetes;Mucoromycotina;Clase;Hongos terrestres saprófitos comunes caracterizados por desarrollar micelios cenocíticos ramificados
Mortierellomycetes;Mortierellomycotina;Clase;Hongos del suelo que destacan industrialmente por su alta producción de lípidos
Glomeromycetes;Glomeromycotina;Clase;Clase que establece simbiosis micorrízica arbuscular obligada con la mayoría de plantas
Saccharomycetes;Saccharomycotina;Clase;Levaduras verdaderas ascomicetas que se reproducen principalmente por gemación celular
Schizosaccharomycetes;Taphrinomycotina;Clase;Levaduras ascomicetas basales caracterizadas por reproducirse mediante fisión binaria regular
Leotiomycetes;Pezizomycotina;Clase;Ascomicetos con cleistotecios o apotecios que dispersan esporas de forma inoperculada
Sordariomycetes;Pezizomycotina;Clase;Clase de ascomicetos que típicamente producen cuerpos fructíferos en forma de peritecio
Dothideomycetes;Pezizomycotina;Clase;Hongos ascomicetos caracterizados por poseer ascas bitunicadas dentro de lóculos estromáticos
Pezizomycetes;Pezizomycotina;Clase;Hongos que forman apotecios macroscópicos con ascas operculadas para liberar esporas
Eurotiomycetes;Pezizomycotina;Clase;Hongos que producen cleistotecios cerrados; incluye géneros de importancia médica e industrial
 Arthoniomycetes;Pezizomycotina;Clase;Clase de hongos que forman líquenes, caracterizados por tener estructuras reproductivas bitunicadas
Lecanoromycetes;Pezizomycotina;Clase;La clase más grande de hongos formadores de líquenes con apotecios típicos
Candelariomycetes;Pezizomycotina;Clase;Hongos liquenizados con talos de color amarillo brillante debido al ácido pulvínico
Pucciniomycetes;Pucciniomycotina;Clase;Basidiometos parásitos obligados causantes de las royas en cultivos agrícolas esenciales
Ustilaginomycetes;Ustilaginomycotina;Clase;Hongos parásitos dimórficos conocidos popularmente como los carbones de las gramíneas
 Exobasidiomycetes;Ustilaginomycotina;Clase;Basidiometos parásitos de plantas que no forman cuerpos fructíferos verdaderos complejos
Malasseziomycetes;Ustilaginomycotina;Clase;Levaduras basidiomicetas comensales de la piel de mamíferos que provocan micosis superficiales
Tremellomycetes;Agaricomycotina;Clase;Hongos que presentan estados de levadura y fases filamentosas dimórficas parásitas
Dacrymycetes;Agaricomycotina;Clase;Hongos gelatinosos degradadores de madera con basidios bifurcados en forma de diapasón
Agaricomycetes;Agaricomycotina;Clase;Clase que agrupa a los hongos con sombreros, láminas y poros macroscópicos
Entorrhizomycetes;Entorrhizomycota;Clase;Hongos parásitos del suelo que inducen la formación de agallas radiculares
Hypocreomycetidae;Sordariomycetes;Subclase;Ascomicetos periteciales de colores claros o brillantes con ascas sésiles persistentes
Sordariomycetidae;Sordariomycetes;Subclase;Subclase con peritecios oscuros y ascas que liberan esporas de forma activa
Xylariomycetidae;Sordariomycetes;Subclase;Hongos fitopatógenos o saprófitos que desarrollan estromas oscuros, leñosos o carbonáceos
Dothideomycetidae;Dothideomycetes;Subclase;Subclase de hongos bitunicados que habitualmente actúan como patógenos de plantas vasculares
Eurotiomycetidae;Eurotiomycetes;Subclase;Hongos cleistotofíticos con ascas prototunicadas esparcidas laxamente en el tejido interno
Aphelidiales;Aphelidiomycetes;Orden;Orden de parasitoides intracelulares que forman un plasmodio fagocítico dentro de algas
Rozellales;Rozellomycetes;Orden;Hongos endoparásitos obligados unicelulares que carecen de una pared de quitina madura
Dissociodihaplophasida;Microsporidia;Orden;Grupo fúngico especializado caracterizado por transiciones nucleares particulares durante su ciclo reproductivo
Blastocladiales;Blastocladiomycetes;Orden;Hongos acuáticos o del suelo que producen zoósporas uniflageladas con capuchón nuclear
Entomophthorales;Entomophthoromycetes;Orden;Hongos parásitos destructivos que atacan insectos y dispersan activamente sus esporas asexuales
Mucorales;Mucoromycetes;Orden;Mohos terrestres de crecimiento rápido con micelio cenocítico que causan pudrición de frutos
Mortierellales;Mortierellomycetes;Orden;Hongos saprófitos del suelo capaces de acumular grandes cantidades de lípidos industriales
Glomerales;Glomeromycetes;Orden;Hongos simbiontes que forman las micorrizas arbusculares más comunes con plantas vasculares
Diversisporales;Glomeromycetes;Orden;Simbiontes radiculares que producen esporas complejas con estructuras de pared celular variadas
Archaeosporales;Glomeromycetes;Orden;Linaje antiguo de hongos micorrízicos arbusculares que forman esporas morfológicamente simples e hialinas
Paraglomerales;Glomeromycetes;Orden;Hongos simbióticos obligados con raíces cuyas esporas se asemejan a glomósporas típicas
Saccharomycetales;Saccharomycetes;Orden;Levaduras verdaderas que se reproducen por gemación y realizan fermentación de azúcares
Schizosaccharomycetales;Schizosaccharomycetes;Orden;Levaduras unicelulares basales caracterizadas por su reproducción celular mediante fisión binaria
Heliotales;Leotiomycetes;Orden;Ascomicitos fitopatógenos o saprófitos que desarrollan apotecios típicamente cupuliformes o discoidales
Hypocreales;Hypocreomycetidae;Orden;Hongos periteciales de colores vivos que suelen actuar como parásitos de plantas
Ophiostomatales;Sordariomycetidae;Orden;Hongos asociados a escarabajos de la corteza que causan el teñido azul maderero
Sordariales;;Orden;Hongos saprófitos comunes con peritecios oscuros utilizados frecuentemente en investigación genética molecular
Xylariales;Xylariomycetidae;Orden;Hongos que producen estromas carbonáceos oscuros y degradan madera de árboles vivos
Capnodiales;Dothideomycetidae;Orden;Ascomicitos causantes de la fumagina que forman costras negras sobre hojas vegetales
Myriangiales;Dothideomycetidae;Orden;Hongos fitopatógenos bitunicados que se desarrollan dentro de estromas tisulares densos pulverulentos
Pleosporales;Dothideomycetidae;Orden;El orden más grande de ascomicitos bitunicados que habitan tallos y hojas secas
Pezizales;Pezizomycetes;Orden;Hongos que forman apotecios carnosos macroscópicos con ascas operculadas eyectoras de esporas
Onygenales;Eurotiomycetidae;Orden;Hongos queratinofílicos capaces de degradar pelo y plumas; infectan la piel humana
Eurotiales;Eurotiomycetidae;Orden;Mohos ascomicetos con estructuras cerradas; incluye los géneros comerciales Aspergillus y Penicillium
Arthoniales; Arthoniomycetes;Orden;Hongos liquenizados o saprófitos que producen ascomas de contorno irregular denominados lirelas
Peltigerales;Lecanoromycetes;Orden;Líquenes foliosos grandes que fijan nitrógeno atmosférico mediante simbiosis con cianobacterias
 Lecanorales;Lecanoromycetes;Orden;Grupo principal de líquenes que forman talos crustosos, foliosos o fruticulosos estables
Candelariales;Candelariomycetes;Orden;Líquenes de color amarillo intenso debido a la alta concentración de ácido pulvínico
Pucciniales;Pucciniomycetes;Orden;Basidiomicetos parásitos obligados destructivos conocidos macroscópicamente como las royas de plantas
Ustilaginales;Ustilaginomycetes;Orden;Hongos parásitos dimórficos causantes de los carbones que destruyen las espigas cerealeras
 Urocystidales;Ustilaginomycetes;Orden;Basidiomicetos fitopatógenos emparentados con los carbones que inducen ampollas foliares oscuras
Tilletiales; Exobasidiomycetes;Orden;Hongos parásitos que transforman los granos de trigo en masas pulverulentas fétidas
Malasseziales;Malasseziomycetes;Orden;Levaduras basidiomicetas lipofílicas comensales de la piel que causan la pitiriasis versicolor
Tremellales;Tremellomycetes;Orden;Hongos gelatinosos dimórficos que parasitan el micelio de otros hongos de madera
Dacrymycetales;Dacrymycetes;Orden;Hongos lignícolas de aspecto gelatinoso amarillo con basidios bifurcados en forma diapasón
Auriculariales;Agaricomycetes;Orden;Hongos saprófitos gelatinosos con cuerpos fructíferos lobulados parecidos a orejas humanas flácidas
Thelephorales;Agaricomycetes;Orden;Hongos ectomicorrízicos coriáceos o resupinados con esporas ornamentadas de color marrón
Russulales;Agaricomycetes;Orden;Setas carnosas quebradizas debido a células esféricas llamadas esferocistos en su tejido
Polyporales;Agaricomycetes;Orden;Hongos lignícolas con poros rígidos inferiores que causan pudrición blanca o marrón
Gomphales;Agaricomycetes;Orden;Hongos club o ramificados con himenio arrugado que habitan suelos boscosos orgánicos
Agaricales;Agaricomycetes;Orden;Orden principal de las setas típicas provistas de sombrero, pie y láminas inferiores
 Cantharellales;Agaricomycetes;Orden;Hongos con cuerpos fructíferos en forma de embudo y pliegues himeniales bien definidos
Geastrales;Agaricomycetes;Orden;Hongos conocidos como estrellas de tierra que abren su peridio de forma estrellada
Boletales;Agaricomycetes;Orden;Setas carnosas caracterizadas por poseer una capa esponjosa de tubos y poros inferiores
Phallales;Agaricomycetes;Orden;Hongos malolientes que atraen moscas mediante una gleba viscosa para dispersar esporas
Entorrhizales;Entorrhizomycetes;Orden;Hongos parásitos especializados que forman agallas radiculares en plantas de la familia Juncaceae
Aphelidiaceae;Aphelidiomycetes;Familia;Parasitoides intracelulares que fagocitan el citoplasma de algas huéspedes
Rozellaceae;Rozellomycetes;Familia;Hongos endoparásitos obligados que infectan algas o quitridios de forma flagelar
Nosematidae;Microsporidia;Familia;Microsporidios parásitos intracelulares que causan patologías graves en insectos como abejas
Blastocladiaceae;Blastocladiomycetes;Familia;Hongos acuáticos saprófitos productores de zoósporas uniflageladas con capuchón nuclear conspicuo
Entomophthoraceae;Entomophthorales;Familia;Hongos patógenos especializados que destruyen insectos terrestres regulando sus poblaciones naturales
Ancylistaceae;Entomophthorales;Familia;Hongos que parasitan insectos, nematodos o pequeños animales microscópicos
Mucoraceae;Mucorales;Familia;Mohos del pan comunes de crecimiento rápido que forman esporangiosféricas cenocíticas ramificadas
Choanephoraceae;Mucorales;Familia;Mohos saprófitos o fitopatógenos que atacan flores y frutos tiernos
Pilobolaceae ;Mucorales;Familia;Hongos coprófilos caracterizados por descargar sus esporangios de forma balística orientada
Mortierellaceae;Mortierellales;Familia;Hongos saprófitos del suelo muy valorados por su alta producción de lípidos
Glomeraceae;Glomerales;Familia;Hongos que establecen simbiosis micorrízica arbuscular benéfica con la mayoría de plantas
Acaulosporacea;Diversisporales;Familia;Hongos simbiontes del suelo que producen sus glomósporas lateralmente sobre sáculos saculares
Gigasporaceae;Diversisporales;Familia;Micorrizas que forman esporas de gran tamaño y carecen de vesículas intraradiculares
Ambisporaceae;Archaeosporales;Familia;Linaje antiguo de hongos simbióticos que producen estados de esporas morfológicamente dimórficos
Archaeosporaceae;Archaeosporales;Familia;Hongos micorrízicos arbusculares que forman esporas hialinas pequeñas en el suelo boscoso
Geosiphonaceae;Archaeosporales;Familia;Familia que forma una simbiosis endocitobiótica única con la cianobacteria fotosintética Nostoc
Paraglomeraceae;Paraglomerales;Familia;Hongos simbióticos radiculares obligados que presentan secuencias de ARN ribosomal ancestrales
Saccharomycodaceae;Saccharomycetales;Familia;Levaduras que se reproducen por gemación bipolar y habitan sustratos azucarados diversos
Saccharomycetaceae;Saccharomycetales;Familia;Familia de las levaduras industriales empleadas en la panificación y fermentación alcohólica
Pichiaceae;Saccharomycetales;Familia;Levaduras ascomicetas capaces de asimilar nitratos y formar biopelículas en líquidos fermentados
Schizosaccharomycetaceae;Schizosaccharomycetales;Familia;Levaduras unicelulares que se dividen exclusivamente por fisión binaria transversal regular
Erysiphaceae ;Heliotales;Familia;Hongos fitopatógenos obligados que causan la enfermedad del oídio o cenicilla blanca
Dermateaceae;Heliotales;Familia;Ascomicitos saprófitos o parásitos que desarrollan apotecios carnosos cupuliformes abiertos
Drepanopezizaceae;Heliotales;Familia;Hongos que provocan manchas foliares destructivas en plantas cultivadas y árboles forestales
Sclerotiniaceae;Heliotales;Familia;Fitopatógenos que forman esclerocios negros resistentes para sobrevivir a condiciones ambientales hostiles
Clavicipitaceae;Hypocreales;Familia;Hongos productores de alcaloides ergotínicos peligrosos que parasitan gramíneas o insectos infectados
Cordycipitaceae;Hypocreales;Familia;Hongos endoparásitos célebres por momificar insectos y modificar su conducta final
Hypocreaceae;Hypocreales;Familia;Ascomicitos periteciales de colores llamativos que actúan habitualmente como micoparásitos eficientes
Nectriaceae;Hypocreales;Familia;Familia de hongos que causan cancros destructivos en la corteza de árboles
Ophiostomataceae;Ophiostomatales;Familia;Hongos que tiñen la madera de azul, transmitidos por escarabajos de la corteza
Sorderiaceae;Sordariales;Familia;Hongos saprófitos coprófilos con peritecios oscuros muy utilizados en estudios genéticos modelo
Xylariaceae;Xylariales;Familia;Hongos lignícolas que forman estromas carbonáceos oscuros y causan pudrición blanca maderera
Capnodiaceae;Capnodiales;Familia;Hongos epífitos no parásitos que forman la costra negra llamada fumagina foliar
Mycosphaerellaceae;Capnodiales;Familia;Gran familia de microhongos bitunicados causantes de manchas foliares agrícolas severas
Piedraiaceae;Capnodiales;Familia;Hongos dermatofitos que colonizan el cabello humano provocando la infección llamada piedra negra
Elsinoaceae;Myriangiales;Familia;Fitopatógenos que producen lesiones costrosas hipertróficas o sarnas en hojas y frutos
Venturiaceae;Pleosporales;Familia;Hongos ascomicetos responsables de la roña o sarna del manzano y peral
Tuberaceae;Pezizales;Familia;Familia de hongos hipogeos ascomicetos que producen las trufas comestibles verdaderas aromáticas
Morchelaceae;Pezizales;Familia;Hongos con ascomas macroscópicos alveolados con aspecto de esponja o colmena comestible
Sarcoscyphaceae;Pezizales;Familia;Hongos con apotecios de colores rojos brillantes que descomponen ramitas en bosques húmedos
Helvellaceae;Pezizales;Familia;Ascomicitos con cuerpos fructíferos cupuliformes o lobulados en forma de silla montar
Onygenaceae;Onygenales;Familia;Hongos queratinofílicos capaces de degradar plumas, pezuñas y pelos en descomposición activa
Arthrodermataceae;Onygenales;Familia;Familia de hongos dermatofitos causantes de tiñas epidérmicas en humanos y animales
Ajellomycetaceae;Onygenales;Familia;Hongos dimórficos térmicos que causan micosis sistémicas humanas graves como la histoplasmosis
Trichocomaceae;Eurotiales;Familia;Familia cosmopolita que incluye a los géneros comercial y médicamente relevantes Aspergillus y Penicillium
Roccellaceae;Arthoniales;Familia;Líquenes crustosos o fruticulosos que crecen preferentemente sobre rocas en ambientes costeros
 Chrysothricaceae;Arthoniales;Familia;Líquenes leproso-polvorientos de color amarillo vivo que recubren cortezas sombreadas de árboles
Peltigeraceae;Peltigerales;Familia;Líquenes foliosos grandes que contienen cianobacterias capaces de fijar nitrógeno atmosférico eficientemente
Cladoniaceae; Lecanorales;Familia;Líquenes fruticulosos que forman estructuras verticales llamadas podecios con forma de copa
 Ramalinaceae; Lecanorales;Familia;Líquenes arbustivos planos y ramificados expuestos a vientos en zonas forestales húmedas
Parmeliaceae; Lecanorales;Familia;La familia más grande de líquenes foliosos con talos dorsiventrales bien desarrollados
 Stereocaulaceae; Lecanorales;Familia;Líquenes que desarrollan pseudopodecios ramificados cubiertos de estructuras granulares llamadas filocladios
Candelariaceae;Candelariales;Familia;Líquenes pequeños amarillos o anaranjados debido a la secreción abundante de ácido pulvínico
Pucciniaceae;Pucciniales;Familia;Basidiomicetos fitopatógenos obligados macroscópicos causantes de las royas agrícolas más destructivas
Phragmidiaceae;Ustilaginales;Familia;Royas parásitas especializadas que infectan hojas y tallos de la familia Rosaceae
Ustilaginaceae;Ustilaginales;Familia;Hongos dimórficos parásitos que forman los carbones destructivos en las espigas cerealeras
Glomosporiaceae; Urocystidales;Familia;Basidiomicetos parásitos emparentados con los carbones que producen esporas de resistencia agregadas
Tilletiaceae;Tilletiales;Familia;Hongos causantes del carbón cubierto que transforma los granos de trigo en polvo fétido
Malasseziaceae;Malasseziales;Familia;Levaduras basidiomicetas lipofílicas de la piel causantes de la caspa y pitiriasis versicolor
Tremellaceae;Tremellales;Familia;Hongos gelatinosos dimórficos micoparásitos que desarrollan basidios septados longitudinalmente con forma cruzada
Dacrymicetaceae;Dacrymycetales;Familia;Hongos lignícolas gelatinosos de color amarillo con basidios bifurcados típicos en forma diapasón
Auriculariaceae;Auriculariales;Familia;Hongos saprófitos gelatinosos orejiformes con basidios transversalmente septados que crecen sobre madera
Thelephoraceae;Thelephorales;Familia;Hongos ectomicorrízicos coriáceos con himenio liso u ondulado y esporas marrones ornamentadas
Hericiaceae;Russulales;Familia;Hongos lignícolas cuyos cuerpos fructíferos presentan densas espinas o barbas colgantes blancas
Russulaceae;Russulales;Familia;Setas carnosas quebradizas debido a la presencia estructural de células esféricas llamadas esferocistos
Peniophoraceae;Russulales;Familia;Hongos resupinados corticioides que crecen como costras adheridas firmemente a ramas caídas
Meruliaceae;Polyporales;Familia;Hongos lignícolas con himenio plicato-poroide gelatinoso que causan pudrición blanca maderera activa
Sparassidaceae;Polyporales;Familia;Hongos parásitos de raíces con aspecto macroscópico lobulado similar a una coliflor rizada
 Ganodermataceae;Polyporales;Familia;Hongos políporos coriáceos con costra brillante lacada; incluye al hongo medicinal Reishi
Polyporaceae;Polyporales;Familia;Hongos de estante leñosos con poros inferiores rígidos no separables de la carne
Gomphaceae;Gomphales;Familia;Hongos clavarioides o cantharelides con himenio arrugado y esporas estriadas de color ocre
Clavariadelphaceae;Gomphales;Familia;Basidiomicetos con cuerpos fructíferos erectos y claviformes simples que habitan el mantillo boscoso
Clavariaceae;Agaricales;Familia;Hongos coraloides ramificados de colores vistosos que crecen en suelos orgánicos húmedos
 Tricholomataceae;Agaricales;Familia;Setas carnosas con láminas blancas adnatas o escotadas y esporas lisas hialinas
Pleurotaceae;Agaricales;Familia;Setas excéntricas o laterales con láminas decurrentes; incluye al hongo ostra comestible
Marasmiaceae;Agaricales;Familia;Setas marcescentes capaces de revivir al hidratarse, con hifas de consistencia coriácea resistente
Agaricaceae;Agaricales;Familia;Setas con láminas libres libres que se oscurecen al madurar; incluye al champiñón común
Amanitaceae;Agaricales;Familia;Setas caracterizadas por poseer volva basal, anillo y esporas blancas; incluye especies mortales
Schizophyllaceae;Agaricales;Familia;Hongos lignícolas con láminas partidas longitudinalmente que se curvan al secarse el sustrato
Nidulariaceae;Agaricales;Familia;Hongos gasteroides llamados nidos de pájaro que contienen peridíolos con esporas internas
Physalacriaceae;Agaricales;Familia;Familia de agaricales que incluye hongos bioluminiscentes y patógenos radiculares forestales importantes
 Hygrophoraceae;Agaricales;Familia;Setas de colores brillantes con láminas de aspecto ceroso grueso y esporas lisas
Cantharellaceae; Cantharellales;Familia;Hongos comestibles con forma de trompeta y pliegues himeniales bifurcados en vez de láminas
Hydnaceae; Cantharellales;Familia;Hongos que presentan un himenio formado por aguijones o dientes colgantes carnosos comestibles
Geastraceae;Geastrales;Familia;Hongos gasteroides llamados estrellas de tierra cuyo exoperidio se abre en lóbulos estrellados
Boletaceae;Boletales;Familia;Setas carnosas caracterizadas por poseer tubos y poros inferiores separables de la carne
Sclerodermataceae;Boletales;Familia;Hongos gasteroides globosos con peridio grueso duro y gleba oscura pulverulenta al madurar
Calostomataceae;Boletales;Familia;Gasteromicetos con pies gelatinosos y estomas apicales de colores rojizos vivos especializados
Diplocystaceae (Astraceae);Boletales;Familia;Hongos gasteroides higroscópicos que abren sus lóbulos estrellados según la humedad ambiental
Phallaceae;Phallales;Familia;Hongos malolientes con gleba viscosa que atrae moscas para dispersar sus esporas maduras
Entorrhizaceae;Entorrhizales;Familia;Hongos parásitos del suelo que inducen agallas nodulares en raíces de plantas vasculares
Archaeplastidae (Plantae);Eukarya;Reino;Plantas. Organismos fotosintéticos con plastos derivados de endosimbiosis primaria
Viridiplantae;Archaeplastidae (Plantae);Subreino;Clado monofilético integrado por las algas verdes y todas las plantas terrestres
Streptophyta;Viridiplantae;Infrareino;Grupo que reúne a las algas carófitas y a las plantas terrestres emparentadas
Rhodaria;Archaeplastidae (Plantae);Infrareino;Clado filogenético basal que agrupa linajes específicos de algas rojas y afines
Embriophyta;Streptophyta;Parvreino;Plantas terrestres caracterizadas por desarrollar un embrión protegido por tejidos maternos especializados
Bryobiotina;Embriophyta;Superfilo/Superdivisión;Briófitos o plantas terrestres no vasculares basales
Pteridobiotina;Embriophyta;Superfilo/Superdivisión;Grupo taxonómico que comprende a las plantas vasculares
Picobiliphyta;Rhodaria;Filo/División;Algas unicelulares marinas picoplanctónicas ultrapequeñas con plastos de origen secundario sugerido
Rhodelphidophyta;Rhodaria;Filo/División;Flagelados depredadores marinos unicelulares que constituyen el grupo hermano de algas rojas
Rhodophyta;Rhodaria;Filo/División;Algas rojas marinas bentónicas fotosintéticas que contienen pigmentos accesorios llamados ficobiliproteínas
Glaucophyta;Archaeplastidae (Plantae);Filo/División;Algas unicelulares dulceacuícolas que poseen cianelas con restos primitivos de peptidoglicano
Chlorophyta;Viridiplantae;Filo/División;Algas verdes predominantemente acuáticas que contienen clorofilas a y b almacenando almidón
Charophyta*;Streptophyta;Filo/División;Algas verdes dulceacuícolas complejas que comparten un ancestro común directo con embriófitos
Anthocerotophyta;Bryobiotina;Filo/División;Antoceros o plantas no vasculares con esporófitos cilíndricos alargados de crecimiento continuo
Bryophyta;Bryobiotina;Filo/División;Musgos verdaderos con gametófitos foliosos dominantes y esporófitos provistos de cápsula peristomada
Marchantiophyta;Bryobiotina;Filo/División;Hepáticas con gametófitos talosos o foliosos dorsiventrales que carecen de estomas verdaderos
Tracheophyta;Pteridobiotina;Filo/División;Plantas vasculares poseedoras de xilema y floema para el transporte de fluidos
Cyanidiophytina;Rhodophyta;Subfilo/Subdivisión;Algas rojas unicelulares extremófilas estables que habitan ambientes ácidos y termales hostiles
Proteorhodophytina;Rhodophyta;Subfilo/Subdivisión;Algas rojas morfológicamente diversas que habitan principalmente sustratos marinos bentónicos
Eurhodophytina;Rhodophyta;Subfilo/Subdivisión;Subdivisión que agrupa a la gran mayoría de algas rojas macroscópicas pluricelulares
Chlorophytina;Chlorophyta;Subfilo/Subdivisión;Subdivisión núcleo que concentra la mayor diversidad de linajes de algas verdes
Lycophyta;Tracheophyta;Subfilo/Subdivisión;Licófitos o plantas vasculares basales caracterizadas por poseer hojas sésiles llamadas micrófilos
Monilophyta;Tracheophyta;Subfilo/Subdivisión;Helechos verdaderos y colas de caballo dotados de hojas complejas denominadas megáfilos
Spermatophyta;Tracheophyta;Subfilo/Subdivisión;lantas con semilla que se reproducen mediante óvulos fertilizados y granos polen
Acrogymnospermae* (Gymnospermae);Spermatophyta;Infrafilo/Infradivisión;Plantas leñosas con semillas desnudas expuestas en estructuras llamadas conos o estróbilos
Angiospermae;Spermatophyta;Infrafilo/Infradivisión;Plantas con flores que producen semillas protegidas en el interior de un fruto
ANA*;Angiospermae;Superclase;Grado evolutivo basal de angiospermas que incluye Amborellales, Nymphaeales y Austrobaileyales. No es un grupo monofilético
Mesangiospermae;Angiospermae;Superclase;Clado nuclear que agrupa a la inmensa mayoría de las angiospermas modernas
Picomonadophyceae;Picobiliphyta;Clase;Algas unicelulares marinas ultrapequeñas que constituyen uno de los linajes basales de Archaeplastida
Rhodelphidophyceae;Rhodelphidophyta;Clase;Flagelados depredadores unicelulares que filogenéticamente representan el grupo hermano de las algas rojas
Cyanidiophycea;Cyanidiophytina;Clase;Algas rojas unicelulares extremófilas estables que habitan exclusivamente ambientes volcánicos muy ácidos
Compsopogonophyceae;Proteorhodophytina;Clase;Algas rojas pluricelulares bentónicas que habitan predominantemente ambientes dulceacuícolas ricas en carbohidratos
Porphyridiophyceae;Proteorhodophytina;Clase;Algas rojas unicelulares envueltas en una matriz de mucílago polisacárido denso protector
Rhodellophyceae;Proteorhodophytina;Clase;Grupo de algas rojas unicelulares marinas que carecen de una pared celular rígida
Stylonematophyceae;Proteorhodophytina;Clase;Algas rojas pseudoparenquimatosas o filamentosas simples que habitan ambientes dulceacuícolas y marinos
Bangiophyceae;Eurhodophytina;Clase;Algas rojas multicelulares con talos laminares o filamentosos intercalados por fases microscópicas dipofásicas
Floridophyceae;Eurhodophytina;Clase;Clase más grande de algas rojas macroscópicas con conexiones en fosa complejas
Glaucophyceae;Glaucophyta;Clase;Algas unicelulares portadoras de cianelas fotosintéticas con vestigios estructurales basales de peptidoglicano
  Trebouxiophyceae;Chlorophytina;Clase;Algas verdes subaéreas y continentales que frecuentemente actúan como fotobiontes en líquenes
Ulvophyceae;Chlorophytina;Clase;Algas verdes filamentosas o laminares marinas caracterizadas principalmente por talos sifonosos multinucleados
Chlorophyceae;Chlorophytina;Clase;Algas verdes continentales dominantes con husos mitóticos cerrados coordinados por ficoplastos estables
Mesostigmatophyceae;Charophyta*;Clase;Algas verdes unicelulares flageladas asimétricas cubiertas por escamas orgánicas consideradas basales
Chlorokybophyceae;Charophyta*;Clase;Algas verdes sarcinoides raras que habitan exclusivamente sustratos terrestres húmedos o subaéreos
Klebsomidiophyceae;Charophyta*;Clase;Algas verdes pluricelulares formadoras de filamentos simples sin ramificaciones que colonizan suelos
Charophyceae;Charophyta*;Clase;Algas carófitas macroscópicas ramificadas con órganos reproductores complejos protegidos por células estériles
Coleochaetophyceae;Charophyta*;Clase;Algas verdes parenquimatosas discoidales con pelos citoplasmáticos modificados protegidos basalmente por vainas
Zygnemophyceae;Charophyta*;Clase;Algas verdes unicelulares o filamentosas caracterizadas fundamentalmente por reproducción sexual mediante conjugación
 Anthocerotopsida;Anthocerotophyta;Clase;Antoceros dotados de gametófitos talosos basales y esporófitos cilíndricos de crecimiento continuo
Bryopsida;Bryophyta;Clase;Musgos verdaderos caracterizados por cápsulas esporofíticas provistas de un peristoma de dientes
 Polytrichopsida;Bryophyta;Clase;Musgos de gran tamaño con anatomía foliar compleja provista de laminillas fotosintéticas
 Sphagnopsida;Bryophyta;Clase;Musgos de turbera con hojas constituidas por células clorofílicas vivas e hialocitos
 Marchantiopsida;Marchantiophyta;Clase;Hepáticas talosas complejas con cámaras aéreas, poros delimitados y esporófitos estructuralmente simplificados
 Jungermanniopsida;Marchantiophyta;Clase;Hepáticas foliosas o talosas simples cuyos esporófitos están desprovistos de columela central
 Haplomitriopsida;Marchantiophyta;Clase;Hepáticas basales primitivas que carecen completamente de rizoides funcionales en sus gametófitos
Lycopodiopsida;Lycophyta;Clase;Licófitos vivientes poseedores de raíces bifurcadas dicotómicamente y microfilos con una vena
Polypodiopsida;Monilophyta;Clase;Helechos verdaderos que desarrollan megáfilos denominados frondes con prefoliación típicamente circinada
 Cycadopsida;Acrogymnospermae* (Gymnospermae);Clase;Gimnospermas de aspecto palmiforme con hojas pinnadas compuestas y grandes estróbilos apicales
 Ginkgoopsida;Acrogymnospermae* (Gymnospermae);Clase;Gimnospermas representadas por un árbol caducifolio provisto de hojas flabeladas flabeliformes bilobuladas
 Pinopsida;Acrogymnospermae* (Gymnospermae);Clase;Coníferas leñosas con hojas aciculares o escuamiformes y semillas portadas en conos
Magnoliidae;Mesangiospermae;Clase;Angiospermas basales perennes que retienen caracteres florales ancestrales espiralados y aceites esenciales
Monocotyledoneae (Liliopsida);Mesangiospermae;Clase;Angiospermas caracterizadas por un solo cotiledón embrionario, hojas paralelinervias y flores trímeras
Eudicotyledoneae;Mesangiospermae;Clase;Angiospermas nucleares caracterizadas por granos de polen tricolpados y dos cotiledones embrionarios
Anthocerotidae; Anthocerotopsida;Subclase;Subclase basal de antoceros con caracteres morfológicos primitivos estables en sus gametófitos
 Bryidae;Bryopsida;Subclase;Subclase diversificada de musgos caracterizados por poseer peristomas de tipo artrodonto
 Funariidae;Bryopsida;Subclase;Musgos anuales o de vida corta con cápsulas asimétricas marcadamente curvadas micróstomas
Equisetidae;Polypodiopsida;Subclase;Colas de caballo con tallos huecos articulados estriados fotosintéticos acumuladores de sílice
Ophioglossidae;Polypodiopsida;Subclase;Helechos eusporangiados basales con frondes divididas en porciones estériles y espigas fértiles
Marattiidae;Polypodiopsida;Subclase;Helechos eusporangiados tropicales gigantes dotados de estípulas carnosas basales en los frondes
Polypodiidae;Polypodiopsida;Subclase;Gran linaje de helechos leptosporangiados con esporangios provistos de un anillo mecánico vertical
 Cupressidae;Pinopsida;Subclase;Coníferas con hojas opuestas o verticiladas y complejos conos de semillas fusionados
 Gnetidae;Pinopsida;Subclase;Gimnospermas aberrantes con vasos xilemáticos primitivos y estructuras reproductivas semejantes a flores
 Pinidae;Pinopsida;Subclase;Coníferas dominantes boreales caracterizadas por poseer canales resiníferos conspicuos en tejidos vegetativos
Commelinidae;Monocotyledoneae (Liliopsida);Subclase;Monocotiledóneas avanzadas con paredes celulares ricas en ácidos UV-fluorescentes como ferúlico
Pentapetalae;Eudicotyledoneae;Subclase;Macroclado núcleo de las eudicotiledóneas caracterizado por flores cíclicas mayoritariamente pentámeras
Hildenbrandiophycidae;Floridophyceae;Subclase;Algas rojas costrosas incrustantes no calcificadas que se reproducen mediante conceptáculos especializados
Ahnfeltiophycidae;Floridophyceae;Subclase;Algas rojas filamentosas de consistencia coriácea con ciclos de vida heteromórficos particulares
Nemaliophycidae;Floridophyceae;Subclase;Algas rojas con talos de estructura uniaxial o multiaxial comúnmente calcificados superficialmente
Corallinophycidae;Floridophyceae;Subclase;Algas rojas fuertemente calcificadas con carbonato de calcio que forman arrecifes marinos
Rhodymeniophycidae;Floridophyceae;Subclase;Subclase más diversa de algas rojas con carpogonios altamente complejos y especializados
Superrosidae;Pentapetalae;Infraclase;Gran superclado de eudicotiledóneas que agrupa al orden Saxifragales y al clado Rosidae
Superasteridae;Pentapetalae;Infraclase;Superclado altamente diversificado que comprende a las astéridas junto con los órdenes Caryophyllales y Santalales
Rosidae;Superrosidae;Parvclase;Clado monofilético mayoritario caracterizado principalmente por flores dialipétalas y óvulos frecuentemente crasinucelados
Asteridae;Superasteridae;Parvclase;Clado avanzado de angiospermas caracterizado por flores típicamente gamopétalas, estambres epipétalos y óvulos tenuinucelados
Fabidae;Rosidae;Superorden;Subclado de rosadas que destaca por la fijación simbiótica de nitrógeno atmosférico mediante nódulos
Malvidae;Rosidae;Superorden;Linaje de rosadas caracterizado predominantemente por flores de gineceo sincárpico y hojas estipuladas
Lamiidae;Asteridae;Superorden;Subclado de astéridas con flores de pétalos fusionados, ovarios súperos y hojas opuestas
Campanulidae;Asteridae;Superorden;Linaje avanzado de astéridas caracterizado comúnmente por canales resiníferos o laticíferos y ovarios ínferos
Picomonadales;Picomonadophyceae;Orden;Orden de biflagelados marinos ultrapequeños que se alimentan mediante fagocitosis de bacterias
Rhodelphidales;Rhodelphidophyceae;Orden;Flagelados depredadores unicelulares dulceacuícolas que constituyen el grupo hermano de las algas rojas
Cyanidiales;Cyanidiophycea;Orden;Orden de algas rojas unicelulares extremófilas que prosperan en fuentes termales ácidas
Compsopogonales;Compsopogonophyceae;Orden;Algas rojas pluricelulares bentónicas filamentosas que habitan principalmente cursos de agua dulce
Erythropeltidales;Compsopogonophyceae;Orden;Algas rojas marinas con talos filamentosos o discoidales caracterizadas por producir monósporas asexuales
Rhodochaetales;Compsopogonophyceae;Orden;Pequeño orden de algas rojas unicelulares marinas con plastos ramificados carentes de pared
Porphyridiales;Porphyridiophyceae;Orden;Algas rojas unicelulares que viven libres o agregadas en gruesas matrices mucilaginosas
Dixoniellales;Rhodellophyceae;Orden;Algas rojas unicelulares rodeadas por una densa matriz de mucílago polisacárido protector
Stylonematales;Stylonematophyceae;Orden;Algas rojas filamentosas o pseudoparenquimatosas simples que poseen paredes celulares ricas en galactanos
Rufusiales;Stylonematophyceae;Orden;Algas rojas unicelulares terrestres que forman costras rojizas en sustratos rocosos húmedos
Bangiales;Bangiophyceae;Orden;Algas rojas marinas con talos laminares macroscópicos comercialmente explotadas como el alga nori
Hildenbrandiales;Hildenbrandiophycidae;Orden;Algas rojas crustáceas fuertemente incrustantes que colonizan sustratos rocosos marinos y dulceacuícolas
 Ahnfeltiaceae;Ahnfeltiophycidae;Orden;Algas rojas filamentosas coriáceas ramificadas que poseen ciclos de vida heteromórficos particulares
Nemaliales;Nemaliophycidae;Orden;Algas rojas multiaxiales de consistencia gelatinosa o calcificada comunes en zonas intermareales
Corallinales;Corallinophycidae;Orden;Algas rojas calcificadas petrificadas que juegan un rol ecológico clave edificando arrecifes
Ceramiales;Rhodymeniophycidae;Orden;El orden más grande de algas rojas, caracterizado por talos delicadamente filamentosos polisifónicos
 Gelidiales;Rhodymeniophycidae;Orden;Algas rojas de talo cartilaginoso explotadas industrialmente como principal fuente de agar-agar purificado
Gigartinales;Rhodymeniophycidae;Orden;Orden macroalgal morfológicamente diverso caracterizado por acumular grandes cantidades de carragenián en sus paredes
 Gracilariales;Rhodymeniophycidae;Orden;Algas rojas cilíndricas o aplanadas cultivadas globalmente por su alta producción de agárofito
 Halymeniales;Rhodymeniophycidae;Orden;Algas rojas de consistencia carnosa o gelatinosa provistas de células auxiliares en ramas especiales
 Rhodymeniales;Rhodymeniophycidae;Orden;Algas rojas pluricelulares macroscópicas con talos foliosos o cilíndricos típicamente huecos internamente
Glaucocystales;Glaucophyceae;Orden;Algas unicelulares dulceacuícolas raras que retienen plastos primitivos con paredes de peptidoglicano
Prasiolales;  Trebouxiophyceae;Orden;Algas verdes de talos laminares o filamentosos que habitan ambientes terrestres o intermareales nitrófilos
Chlorellales;  Trebouxiophyceae;Orden;Algas verdes unicelulares o coloniales cocoides de gran importancia en estudios biotecnológicos
Bryopsidales;Ulvophyceae;Orden;Algas verdes macroscópicas constituidas por una única célula gigante cenocítica tubular ramificada
Cladophorales;Ulvophyceae;Orden;Algas verdes que forman densos filamentos ramificados compuestos por células multinucleadas sifonocladales
 Ulotrichales;Ulvophyceae;Orden;Algas verdes filamentales simples no ramificadas que poseen células con un cloroplasto parietal anular
Ulvales;Ulvophyceae;Orden;Algas verdes marinas con talos laminares o tubulares como la lechuga de mar
Chaetophorales;Chlorophyceae;Orden;Algas verdes filamentosas ramificadas formadas por grandes células multinucleadas con cloroplastos reticulados
Oedogoniales;Chlorophyceae;Orden;Algas filamentosas dulceacuícolas caracterizadas por células con anillos cicatrizales y zoósporas estefanocontas
Volvocales;Chlorophyceae;Orden;Algas verdes flageladas unicelulares o coloniales móviles integradas en matrices esféricas mucilaginosas coordinadas
Sphaeropleales;Chlorophyceae;Orden;Algas verdes continentales que forman filamentos simples o colonias complejas como Scenedesmus
 Mesostigmatales;Mesostigmatophyceae;Orden;Algas verdes unicelulares biflageladas recubiertas de escamas orgánicas consideradas filogenéticamente basales
 Chlorokybales;Chlorokybophyceae;Orden;Algas verdes sarcinoides raras que habitan exclusivamente ambientes terrestres húmedos y sombreados
Klebsormidiales;Klebsomidiophyceae;Orden;Algas verdes pluricelulares que forman filamentos simples no ramificados adaptadas a suelos costrosos
Charales;Charophyceae;Orden;Algas verdes complejas con ejes diferenciados en nudos y entrenudos parecidas a plantas
Coleochaetales;Coleochaetophyceae;Orden;Algas parenquimatosas discoidales consideradas filogenéticamente muy cercanas al origen de las plantas terrestres
 Desmidiales;Zygnemophyceae;Orden;Algas unicelulares dulceacuícolas con células divididas simétricamente en dos semicélulas unidas por un istmo
 Spirogyrales;Zygnemophyceae;Orden;Algas verdes continentales caracterizadas por filamentos con cloroplastos helicoidales que realizan conjugación sexual
Zygnematales;Zygnemophyceae;Orden;Algas verdes caracterizadas por la ausencia completa de células flageladas y reproducción por conjugación
 Anthocerotales ;Anthocerotidae;Orden;Antoceros con gametófitos talosos dorsiventrales que albergan colonias simbióticas de cianobacterias fijadoras
Bryales; Bryidae;Orden;Musgos verdaderos acrocárpicos que poseen cápsulas erguidas con peristomas de tipo artrodonto
Hypnales; Bryidae;Orden;El orden más grande de musgos pleurocárpicos, caracterizado por talos ramificados postrados alfombrantes
 Funariales; Funariidae;Orden;Musgos terrestres de ciclo corto con cápsulas marcadamente asimétricas provistas de cuellos conspicuos
 Polytrichales ; Polytrichopsida;Orden;Musgos dioicos gigantes con anatomía foliar compleja provista de laminillas fotosintéticas verticales
Sphagnales; Sphagnopsida;Orden;Musgos de turbera cuyas hojas almacenan grandes volúmenes de agua en células hialinas muertas
Marchantiales; Marchantiopsida;Orden;Hepáticas talosas complejas con poros epidérmicos definidos y estructuras reproductivas pedunculadas sombreriformes
Jungermanniales; Jungermanniopsida;Orden;El orden más diverso de hepáticas foliosas, dispuestas típicamente en dos o tres filas de hojas planas
 Frullaniales ; Jungermanniopsida;Orden;Hepáticas foliosas epífitas con hojas bilobuladas cuyos lóbulos inferiores forman pequeños sacos colectores de agua
Treubiales;Haplomitriopsida;Orden;Linaje basal de hepáticas talosas caracterizado por poseer grandes escamas foliosas dispuestas a los lados del eje
Haplomitriales;Haplomitriopsida;Orden;Hepáticas basales primitivas con gametófitos erectos estables que carecen por completo de rizoides funcionales
Lycopodiales;Lycopodiopsida;Orden;Licófitos homospóreos con tallos ramificados dicotómicamente cubiertos por micrófilos imbricados helicoidales
Isoetales;Lycopodiopsida;Orden;Plantas vasculares acuáticas o palustres con tallos cormiformes cortos y hojas lineares arrosetadas
Selaginellales;Lycopodiopsida;Orden;Licófitos heterospóreos que poseen micrófilos dispuestos en cuatro filas y un apéndice llamado lígula
Equisetales;Equisetidae;Orden;Colas de caballo con tallos huecos articulados fotosintéticos que acumulan sílice endurecedora
Ophioglossales;Ophioglossidae;Orden;Helechos eusporangiados basales con frondes divididas en un segmento estéril fotosintético y una espiga fértil
Psilotales;Ophioglossidae;Orden;Helechos primitivos que carecen de raíces y hojas verdaderas, con tallos verdes fotosintéticos dicotómicos
Marattiales;Marattiidae;Orden;Helechos eusporangiados gigantes tropicales con frondes masivos provistos de estípulas carnosas basales
Hymenophyllales;Polypodiidae;Orden;Helechos de película con frondes extremadamente delgados formados por una sola capa celular epidérmica
Gleicheniales;Polypodiidae;Orden;Helechos pseudodicotómicos trepadores adaptados a colonizar suelos degradados o expuestos expuestos de sol
Salviniales;Polypodiidae;Orden;Helechos acuáticos flotantes heterospóreos que establecen simbiosis estables con cianobacterias fijadoras de nitrógeno
Schyzaeales;Polypodiidae;Orden;Helechos leptosporangiados terrestres que poseen esporangios marginales provistos de un anillo apical característico
Cyatheales;Polypodiidae;Orden;Helechos arborescentes macroscópicos con rizomas erectos leñosos que forman troncos coronados por grandes frondes
Polypodiales;Polypodiidae;Orden;El orden más grande de helechos modernos, caracterizado por esporangios con anillos mecánicos verticales interrumpidos
 Cycadales; Cycadopsida;Orden;Gimnospermas dioicas de aspecto palmiforme con hojas pinnadas compuestas y grandes conos reproductores apicales
Ginkgoales; Ginkgoopsida;Orden;Linaje relictual representado exclusivamente por un árbol caducifolio con hojas flabeladas bilobuladas características
Araucariales; Cupressidae;Orden;Coníferas del hemisferio sur con hojas coriáceas persistentes y conos leñosos de semillas grandes
 Cupressales; Cupressidae;Orden;Coníferas con hojas opuestas o verticiladas escuamiformes y conos de semillas frecuentemente carnosos gálbulos
Gnetales; Gnetidae;Orden;Arbustos o lianas gimnospérmicas que poseen vasos xilemáticos eficientes semejantes a las angiospermas
Ephedrales; Gnetidae;Orden;Arbustos dioicos xerofíticos con tallos verdes articulados fotosintéticos y hojas reducidas a escamas diminutas
Pinales; Pinidae;Orden;Coníferas boreales leñosas resiníferas que poseen hojas aciculares perennes y conos leñosos protectores
Amborellales;ANA*;Orden;Linaje basal hermano de todas las angiospermas, representado por un arbusto endémico sin vasos xilemáticos
Nymphaeales;ANA*;Orden;Plantas acuáticas arraigadas con hojas flotantes peltadas y flores vistosas con pétalos graduales transicionales
Austrobaileyales ;ANA*;Orden;Arbustos leñosos o lianas que poseen aceites esenciales esenciales y flores polinizadas principalmente por dípteros
Chloranthales;Mesangiospermae;Orden;Angiospermas basales con flores diminutas monoclamídeas dispuestas en espigas y hojas opuestas dentadas
Magnoliales;Magnoliidae;Orden;Angiospermas leñosas con flores grandes de piezas dispuestas espiraladamente sobre un receptáculo cónico alargado
Laurales;Magnoliidae;Orden;Plantas leñosas aromáticas con flores de gineceo ínfero protegido dentro de un receptáculo acopado urceolado
Piperales;Magnoliidae;Orden;Hierbas o lianas con nudos hinchados, hojas cordadas y flores diminutas desnudas densamente agrupadas en espádices
Canellales;Magnoliidae;Orden;Angiospermas leñosas basales caracterizadas por poseer una corteza marcadamente aromática y polen monosulcado estructural
Alismatales;Monocotyledoneae (Liliopsida);Orden;Plantas acuáticas o palustres que frecuentemente desarrollan hojas flotantes y raíces adaptadas al fango
Dioscoreales;Monocotyledoneae (Liliopsida);Orden;Monocotiledóneas trepadoras con raíces tuberosas e hipogeas que acumulan gran cantidad de almidón
Pandanales;Monocotyledoneae (Liliopsida);Orden;Plantas tropicales arborescentes que desarrollan raíces zancudas de soporte y hojas lineares espinescentes
Liliales;Monocotyledoneae (Liliopsida);Orden;Hierbas geófitas bulbosas caracterizadas por vistosas flores con tépalos maculados y nectarios perigoniales
Asparagales;Monocotyledoneae (Liliopsida);Orden;El orden de monocotiledóneas bulbosas más grande, con semillas recubiertas por fitomelanina negra
Arecales;Commelinidae;Orden;Palmeras leñosas arborescentes con grandes hojas pinnadas compuestas y inflorescencias protegidas por espatas
Poales;Commelinidae;Orden;Hierbas anemófilas con tallos cilíndricos huecos y flores reducidas protegidas por glumas membranosas
Commelinales;Commelinidae;Orden;Hierbas continentales que poseen pelos estaminales vistosos y células con cuerpos de sílice
Zingiberales;Commelinidae;Orden;Plantas tropicales de hojas gigantescas caracterizadas por poseer estaminodios petaloideos marcadamente vistosos fértiles
Ceratophyllales;Mesangiospermae;Orden;Plantas acuáticas totalmente sumergidas que carecen completamente de raíces verdaderas y estomas funcionales
 Ranunculales;Eudicotyledoneae;Orden;Eudicotiledóneas basales herbáceas que acumulan alcaloides bencilisoquinolínicos y poseen alcaloides bencilisoquinolínicos medicinales
Proteales;Eudicotyledoneae;Orden;Árboles con raíces proteoides ramificadas adaptadas eficientemente para absorber fósforo en suelos pobres
Buxales;Eudicotyledoneae;Orden;Arbustos perennes monoicos con hojas coriáceas opuestas y flores simplificadas carentes de corola
Saxifragales;Superrosidae;Orden;Orden morfológicamente diverso que incluye plantas crasas, arbustos leñosos y hierbas perennes adaptadas
Vitales;Rosidae;Orden;Lianas trepadoras provistas de zarcillos opuestos a las hojas y bayas carnosas ricas
Zygophyllales;Fabidae;Orden;Plantas de zonas áridas con hojas compuestas estipuladas y madera marcadamente densa dura
Oxalidales;Fabidae;Orden;Hierbas o árboles que acumulan grandes concentraciones de ácido oxálico en sus tejidos
Malpighiales;Fabidae;Orden;Orden gigante hiperdiverso caracterizado genéticamente, abarcando desde árboles tropicales hasta hierbas violáceas
Fabales;Fabidae;Orden;Leguminosas que desarrollan nódulos radiculares fijadores de nitrógeno y frutos secos tipo legumbre
Rosales;Fabidae;Orden;Plantas leñosas o herbáceas con flores hipóginas provistas de un receptáculo acopado hipanto
Cucurbitales;Fabidae;Orden;Plantas trepadoras sarmentosas con flores unisexuales y frutos carnosos de corteza endurecida pepónides
Fagales;Fabidae;Orden;Árboles forestales monoicos con flores agrupadas en amentos péndulos y frutos nueces protegidos
Geraniales;Malvidae;Orden;Hierbas aromáticas con hojas lobuladas provistas de frutos con esquizocarpos largamente rostrados elásticos
Myrtales;Malvidae;Orden;Plantas leñosas con corteza exfoliante, hojas opuestas punteadas y floema interno intraxilar característico
Sapindales;Malvidae;Orden;Árboles leñosos que secretan resinas aromáticas aceitosas con hojas compuestas y discos nectaríferos
Malvales;Malvidae;Orden;Plantas con indumento estrellado foliar, canales mucilaginosos internos y estambres fusionados en tubo
Brassicales;Malvidae;Orden;Plantas que producen glucosinolatos picantes medicinales y flores con cuatro pétalos dispuestos cruzados
Santalales;Superasteridae;Orden;Plantas parásitas o hemiparásitas que desarrollan haustorios especializados para succionar savia del hospedero
Caryophyllales;Superasteridae;Orden;Plantas adaptadas a condiciones extremas que acumulan pigmentos betalaínas y poseen placentación central
Ericales;Asteridae;Orden;Plantas acidófilas que establecen simbiosis micorrízicas estrechas y anteras con dehiscencia poricida apical
Lamiales;Lamiidae;Orden;Hierbas con tallos cuadrangulares, hojas opuestas decusadas y flores bilabiadas zigomorfas de ovario súpero
Solanales;Lamiidae;Orden;Plantas con hojas alternas ricas en alcaloides solaninos activos y flores actinomorfas tubulares
Gentianiales;Lamiidae;Orden;Plantas con hojas opuestas unidas por estípulas interpeciolares conspicuas y savia comúnmente laticífera
Boraginales;Lamiidae;Orden;Hierbas cubiertas por pelos ásperos hirsutos silicificados con inflorescencias helicoidales en cimas escorpioideas
Asterales;Campanulidae;Orden;Plantas con inflorescencias en capítulo rodeadas de brácteas que acumulan inulina como reserva
Apiales;Campanulidae;Orden;Hierbas umbelíferas aromáticas con canales secretores resinosos, hojas divididas y flores dispuestas en umbelas
Dipsacales;Campanulidae;Orden;Hierbas con hojas opuestas carentes de estípulas verdaderas y flores con gineceo ínfero tricarpelar
Picomonadaceae;Picomonadales;Familia;Biflagelados marinos heterótrofos ultrapequeños que capturan bacterias mediante un aparato de alimentación especializado
Rhodelphidaceae;Rhodelphidales;Familia;Flagelados depredadores con cloroplastos vestigiales no fotosintéticos, filogenéticamente hermanos de las algas rojas
Cyanidiaceae;Cyanidiales;Familia;Algas unicelulares termoacidófilas extremas que habitan en ambientes volcánicos continentales calientes
Compsopogonaceae;Compsopogonales;Familia;Algas rojas dulceacuícolas macroscópicas con talos filamentosos ramificados corticalizados por células diminutas
 Erythrotrichiaceae;Erythropeltidales;Familia;Algas rojas bentónicas marinas epífitas con talos filamentosos erectos o costrosos postrados
 Rhodochaetaceae;Rhodochaetales;Familia;Algas rojas basales con filamentos ramificados que exhiben citocinesis incompleta y pit connections
Porphyridiaceae;Porphyridiales;Familia;Algas unicelulares esféricas de color rojo brillante que carecen por completo de conexiones citoplasmáticas
Dixoniellaceae;Dixoniellales;Familia;Algas unicelulares marinas con plastos lobulados inmersas en una matriz polisacárida extracelular espesa
Stylonemataceae;Stylonematales;Familia;Células pseudofilamentosas unidas por matrices mucilaginosas que carecen de tapones en los poros internos
Rufusiaceae;Rufusiales;Familia;Algas unicelulares subaéreas que forman biopelículas rojizas sobre superficies rocosas o cavernas húmedas
 Bangiaceae;Bangiales;Familia;Algas con alternancia de generaciones entre talos laminares macroscópicos y fases filamentosas perforantes
Hildenbrandiaceae;Hildenbrandiales;Familia;Algas rojas costrosas calcificadas fuertemente adheridas a rocas, comunes en zonas intermareales batidas
Ahnfeltiaceae; Ahnfeltiaceae;Familia;Algas rojas cartilaginosas delgadas con ciclos heteromórficos cuyas estructuras fértiles forman nematocios externos
 Nemaliaceae;Nemaliales;Familia;Talos cilíndricos multiaxiales de consistencia mucilaginosa que se ramifican dicotómicamente en ambientes marinos
Corallinaceae;Corallinales;Familia;Algas rojas intensamente calcificadas por carbonato de calcio, fundamentales en la arquitectura arrecifal
 Delesseriaceae;Ceramiales;Familia;Algas rojas foliáceas vistosas con nervaduras centrales conspicuas parecidas a hojas de plantas
Rhodomelaceae;Ceramiales;Familia;La familia más diversa de algas rojas, caracterizada por un crecimiento marcadamente polisifónico apical
 Gelidiaceae; Gelidiales;Familia;Algas cartilaginosas aplanadas con hifas medulares gruesas, recolectadas comercialmente para extraer agar-agar de alta pureza
 Gigartinaceae;Gigartinales;Familia;Algas foliáceas o carnosas cubiertas de papilas reproductivas, explotadas masivamente por su contenido de carragenano
Phyllophoraceae;Gigartinales;Familia;Algas rojas erectas cartilaginosas con talos divididos en estipes cilíndricos y láminas terminales aplanadas
Gracilariaceae; Gracilariales;Familia;Algas cilíndricas macizas cultivadas intensamente en granjas marinas como materia prima de agárofito comercial
 Grateloupiaceae; Halymeniales;Familia;Algas carnosas de estructura foliosa multiaxial con filamentos medulares entrelazados y corteza densa compacta
 Rhodymeniaceae; Rhodymeniales;Familia;Algas rojas pluricelulares marinas con láminas aplanadas que forman talos típicamente huecos internamente
Glaucocystaceae;Glaucocystales;Familia;Algas unicelulares raras cuyos plastos primitivos (cianelas) retienen vestigios de pared de peptidoglicano
Prasiolaceae;Prasiolales;Familia;Algas verdes nitrófilas con talos laminares parenquimatosos, comunes en costas con presencia de aves
 Chlorellaceae;Chlorellales;Familia;Células verdes esféricas solitarias incapaces de producir estadios móviles, utilizadas masivamente como suplemento alimenticio
 Bryopsidaceae;Bryopsidales;Familia;Algas sifonales constituidas por un eje erecto ramificado pinnadamente formado por una célula gigante multinucleada
 Caulerpaceae;Bryopsidales;Familia;Sifones gigantes ramificados en estolones, rizoides y frondes fotosintéticas que simulan plantas superiores complejas
Codiaceae;Bryopsidales;Familia;Algas verdes marinas con talos esponjosos formados por densos entrelazamientos de filamentos sifonales utrículos
Derbesiaceae;Bryopsidales;Familia;Algas con ciclos heteromórficos que alternan hifas ramificadas verticales y estadios vesiculares globosos unicelulares
Pithophoraceae;Cladophorales;Familia;Algas filamentosas ramificadas que producen abundantes acinetos oscuros de resistencia con paredes celulares engrosadas
Cladophoraceae;Cladophorales;Familia;Filamentos verdes septados formados por grandes células multinucleadas con cloroplastos dispuestos en red reticulada
 Ulotrichaceae; Ulotrichales;Familia;Filamentos simples no ramificados adheridos al sustrato mediante una célula basal modificada incolora
Monostromaceae; Ulotrichales;Familia;Algas con talos laminares formados exclusivamente por una sola capa celular de espesor tisular
 Ulvaceae;Ulvales;Familia;Algas marinas de talos laminares dísticos constituidos por dos capas celulares celulares superpuestas compactas
Chaetophoraceae;Chaetophorales;Familia;Algas verdes ramificadas que desarrollan pelos o cerdas hialinas terminales protectoras sobre sus filamentos
Fritschiellaceae;Chaetophorales;Familia;Algas terrestres parenquimatosas complejas con diferenciación de hifas postradas rizoidales y filamentos erectos aéreos
Oedogoniaceae;Oedogoniales;Familia;Algas dulceacuícolas con células provistas de anillos cicatrizales apicales resultantes de divisiones celulares particulares
Chlamydomonadaceae;Volvocales;Familia;Células biflageladas oicuadas nadadoras libres provistas de una pared celular glicoproteica llamada teca rígida
Volvocaceae;Volvocales;Familia;Colonias esféricas coordinadas compuestas por miles de células flageladas interconectadas por puentes citoplasmáticos estables
Chlorococcaceae;Volvocales;Familia;Células cocoides solitarias o agregadas de reproducción asexual interna mediante formación de zoósporas flageladas
 Hydrodictyaceae;Sphaeropleales;Familia;Algas coloniales fijas que se organizan formando redes cilíndricas flotantes o discos estrellados aplanados
Scenedesmaceae;Sphaeropleales;Familia;Cenobios planos compuestos típicamente por cuatro u ocho células alineadas provistas de espinas silíceas marginales
 Mesostigmataceae; Mesostigmatales;Familia;Unicelulares biflagelados basales cubiertos por varias capas ordenadas de escamas orgánicas discoidales complejas
 Chlorokybaceae; Chlorokybales;Familia;Células sarcinoides compactas que forman pequeños agregados cúbicos cubiertos por una gruesa capa mucilaginosa
 Klebsormidiaceae;Klebsormidiales;Familia;Filamentos cilíndricos simples que se rompen fácilmente, adaptados a sobrevivir costras biológicas subaéreas áridas
Characeae;Charales;Familia;Algas filamentosas gigantes con verticilos ramificados nudosas provistas de complejos órganos reproductores protegidos oósporas
 Coleochaetaceae;Coleochaetales;Familia;Algas discoidales parenquimatosas epífitas cuyas células retienen cigotos protegidos por paredes celulares maternas protectoras
Closteriaceae; Desmidiales;Familia;Células alargadas falciformes o fusiformes compuestas por dos mitades simétricas carentes de constricción central
 Desmidiaceae; Desmidiales;Familia;Desmidias unicelulares ornamentadas divididas simétricamente en dos semicélulas conectadas por un istmo estrecho central
 Spirogyraceae; Spirogyrales;Familia;Algas filamentosas dulceacuícolas flotantes caracterizadas por poseer cloroplastos en bandas dispuestas helicoidalmente perfectas
 Zygnemataceae;Zygnematales;Familia;Filamentos simples no ramificados que realizan reproducción sexual por pasaje citoplasmático directo llamado conjugación ameboide
Anthocerotaceae; Anthocerotales ;Familia;Antoceros con esporófitos cilíndricos de crecimiento indeterminado provistos de estomas funcionales y pseudoeláteres
Bryaceae;Bryales;Familia;Musgos acrocárpicos con células modulares romboidales y cápsulas péndulas piriformes marcadamente vistosas
Hypnaceae;Hypnales;Familia;Musgos pleurocárpicos postrados que forman densos tapices con células alares diferenciadas
Funariacea; Funariales;Familia;Musgos terrestres anuales con cápsulas asimétricas marcadamente infladas y caliptras fuertemente cuculadas
Polytrichaceae; Polytrichales ;Familia;Musgos gigantes con hojas provistas de laminillas fotosintéticas verticales y conducción interna especializada
Sphagnaceae;Sphagnales;Familia;Musgos de turbera con hojas compuestas por clorocitos vivos y hialocitos muertos
Marchantiaceae;Marchantiales;Familia;Hepáticas talosas complejas con poros epidérmicos barriliformes y receptáculos reproductivos pedunculados característicos
Jubulaceae;Jungermanniales;Familia;Hepáticas foliosas con filidios incubos modificados basalmente en sacos retentores de agua
 Frullaniaceae; Frullaniales ;Familia;Hepáticas foliosas con anfigastrios bífidos y lóbulos foliares inferiores transformados en estiletes
Treubiaceae;Treubiales;Familia;Hepáticas basales con talos robustos provistos de dos hileras de escamas
Haplomitriaceae;Haplomitriales;Familia;Hepáticas erectas primitivas con filidios dispuestos en tres hileras carentes de rizoides
Lycopodiaceae;Lycopodiales;Familia;Licófitos homospóreos con micrófilos helicoidales y esporangios reniformes agrupados en estróbilos terminales
Isoetaceae;Isoetales;Familia;Licófitos acuáticos heterospóreos con tallos cormiformes cortos y hojas lineares provistas de lígula
Selaginellaceae;Selaginellales;Familia;Licófitos heterospóreos rastreros con micrófilos dísticos y presencia constante de un rizóforo ventral
Equisetaceae;Equisetales;Familia;Plantas con tallos estriados fotosintéticos huecos ricos en sílice y hojas escamosas verticiladas
Ophioglossaceae ;Ophioglossales;Familia;Helechos eusporangiados con frondes divididas en una porción laminar y otra espiga fértil
Psilotaceae ;Psilotales;Familia;Helechos primitivos que carecen de raíces y hojas verdaderas, provistos de sinangios triloculares
Marattiaceae;Marattiales;Familia;Helechos eusporangiados masivos con estípulas carnosas basales y esporangios fusionados en sinangios dorsales
Hymenophyllaceae;Hymenophyllales;Familia;Helechos de película con láminas foliares de un solo estrato celular carentes de estomas
Gleicheniaceae;Gleicheniales;Familia;Helechos con rizomas rastreros y frondes de ramificación pseudodicotómica indeterminada con yemas apicales
Salviniaceae;Salviniales;Familia;Helechos acuáticos flotantes heterospóreos con hojas dispuestas en verticilos trímeros modificados
Marsileaceae;Salviniales;Familia;Helechos acuáticos enraizados con hojas largamente pecioladas que simulan tréboles y esporocarpos duros
Schyzaeaceae;Schyzaeales;Familia;Helechos terrestres erectos con esporangios marginales provistos de un anillo apical completo
Anemiaceae;Schyzaeales;Familia;Helechos con frondes hemidimórficas donde el par basal de pinnas es marcadamente fértil erecto
Dicksoniaceae;Cyatheales;Familia;Helechos arborescentes cubiertos de pelos densos y soros marginales protegidos por indusios bivalvos
Cyatheaceae;Cyatheales;Familia;Helechos arborescentes con escamas conspicuas en los estípites y soros abaxiales globosos redondos
Lindsaeaceae;Polypodiales;Familia;Helechos con soros submarginales extrorsos protegidos por indusios abiertos hacia el margen foliar
Pteridaceae;Polypodiales;Familia;Helechos morfológicamente diversos con soros lineares submarginales típicamente protegidos por el falso indusio
Dennstaedtiaceae;Polypodiales;Familia;Helechos con rizomas largamente rastreros provistos de soros marginales en forma de copa taza
Aspleniaceae;Polypodiales;Familia;Helechos con soros lineares alargados dispuestos sobre las venas protegidos por indusios elípticos
Blechnaceae;Polypodiales;Familia;Helechos con frondes frecuentemente dimórficas y soros continuos dispuestos paralelamente al nervio central
Thelypteridaceae;Polypodiales;Familia;Helechos con pecíolos provistos de dos haces vasculares y láminas cubiertas por pelos unicelulares
Dryopteridaceae;Polypodiales;Familia;Helechos con rizomas escamosos robustos y soros redondos cubiertos típicamente por indusios reniformes
Nephrolepidaceae;Polypodiales;Familia;Helechos con estolones rastreros epífitos y pinnas articuladas al raquis provistas de hidátodos
Polypodiaceae;Polypodiales;Familia;Helechos epífitos con rizomas escamosos dictiostélicos y soros exindusiados marcadamente redondos abaxiales
 Cycadaceae; Cycadales;Familia;Gimnospermas dioicas con hojas pinnadas megasporofilos foliosos libres no agrupados en conos
 Zamiaceae; Cycadales;Familia;Gimnospermas de aspecto palmiforme cuyos megasporofilos peltados se organizan formando estróbilos compactos leñosos
Ginkgoaceae;Ginkgoales;Familia;Árboles caducifolios dioicos relictuales con hojas flabeladas bilobuladas y semillas provistas de sarcotesta
 Araucariaceae ;Araucariales;Familia;Coníferas boreales o australes con hojas coriáceas punzantes y conos leñosos desarticulables grandes
Podocarpaceae;Araucariales;Familia;Coníferas dioicas australes cuyas semillas están rodeadas basalmente por un receptáculo carnoso epimacio
Cupressaceae; Cupressales;Familia;Coníferas con hojas escuamiformes opuestas y conos de semillas leñosos peltados o gálbulas carnosas
Gnetaceae;Gnetales;Familia;Lianas o árboles dioicos tropicales con hojas elípticas coriáceas provistas de venación reticulada semejante
Ephedraceae;Ephedrales;Familia;Arbustos xerofíticos dioicos estriados con hojas reducidas a escamas fusionadas basalmente en vaina
 Pinaceae;Pinales;Familia;Coníferas leñosas resiníferas perennes con hojas aciculares agrupadas en fascículos y conos bracteados de escamas espiraladas
Amborellaceae;Amborellales;Familia;Arbusto dioico endémico de Nueva Caledonia, filogenéticamente basal, que carece de vasos xilemáticos
Nymphaeaceae;Nymphaeales;Familia;Hierbas acuáticas rizomatosas fijas con hojas peltadas flotantes y flores polipétalas de transición gradual
 Austrobaileyaceae;Austrobaileyales ;Familia;Lianas leñosas perennes con hojas opuestas aromáticas y flores solitarias provistas de estaminodios internos
Chloranthaceae;Chloranthales;Familia;Plantas leñosas o herbáceas con hojas opuestas dentadas fusionadas por estípulas y flores diminutas desnudas
 Magnoliaceae;Magnoliales;Familia;Árboles perennes con estípulas terminales amplexicaules y flores grandes con receptáculo alargado cónico
 Annonaceae;Magnoliales;Familia;Plantas leñosas aromáticas con corteza fibrosa, hojas dísticas y flores de disposición trímera
Myristicaceae;Magnoliales;Familia;Árboles tropicales dioicos que secretan savia rojiza, con semillas provistas de arilo laciniado
Lauraceae;Laurales;Familia;Árboles perennes aromáticos con anteras de dehiscencia valvar por cuatro ventanas operculadas
Monimiaceae;Laurales;Familia;Plantas leñosas con aceites esenciales, hojas opuestas coriáceas y receptáculos florales cupuliformes cóncavos
Piperaceae;Piperales;Familia;Hierbas o arbustos con nudos articulados hinchados, inflorescencias en espigas densas amentiformes
Aristolochiaceae;Piperales;Familia;Lianas trepadoras con hojas cordiformes y flores de periantio tubular marcadamente zigomorfo fétido
Winteraceae;Canellales;Familia;Árboles primitivos con hojas punteadas que carecen completamente de vasos xilemáticos verdaderos
Alismataceae;Alismatales;Familia;Hierbas palustres con látex, hojas largamente pecioladas sagitadas y flores con periantio diclamídeo
Aponogetonaceae;Alismatales;Familia;Plantas acuáticas de agua dulce con tubérculos enterrados e inflorescencias espiciformes bifurcadas emergentes
Hydrocharitaceae;Alismatales;Familia;Hierbas acuáticas sumergidas o flotantes con flores unisexuales protegidas por una espata
Potamogetonaceae;Alismatales;Familia;Plantas acuáticas continentalizadas con hojas frecuentemente dimórficas y flores sésiles tetrámeras tetrámeras
Zosteraceae;Alismatales;Familia;Hierbas marinas sumergidas con tallos rizomatosos aplanados y polinización filiforme adaptada al agua
Araceae;Alismatales;Familia;Plantas con inflorescencias típicas en espádice carnoso rodeadas por una gran bráctea espata
 Dioscoreaceae;Dioscoreales;Familia;Lianas trepadoras dioicas con raíces tuberosas ricas en almidón y hojas cordadas reticuladas
Cyclanthaceae;Pandanales;Familia;Plantas rizomatosas de aspecto palmiforme con hojas bifidas flabeladas e inflorescencias en espádice
Liliaceae;Liliales;Familia;Hierbas bulbosas perennes con flores de seis tépalos libres maculados nectarios basales
Amaryllidaceae;Asparagales;Familia;Plantas geófitas bulbosas con inflorescencias umbeliformes protegidas por brácteas membranosas de ovario ínfero
Iridaceae;Asparagales;Familia;Hierbas perennes con hojas ensiformes isobilaterales dísticas y flores vistosas de tres estambres
Asparagaceae;Asparagales;Familia;Plantas bulbosas o arborescentes cuyas semillas están recubiertas por una capa fitomelanina negra
Asphodelaceae;Asparagales;Familia;Hierbas suculentas rosetadas con hojas espinescentes carnosas que acumulan gran cantidad de antraquinonas
Orchidaceae;Asparagales;Familia;Monocotiledóneas mirmecófilas o epífitas con flores de perianto modificado en labelo polinias
Arecaceae;Arecales;Familia;Palmeras arborescentes leñosas con hojas pinnadas flabeladas e inflorescencias ramificadas protegidas
Bromeliaceae;Poales;Familia;Plantas epífitas rosetadas con tricomas escamosos absorbentes, inflorescencias bracteadas marcadamente coloreadas vistosas
Poaceae;Poales;Familia;Hierbas con cañas cilíndricas huecas, inflorescencias reducidas protegidas por glumas llamadas espiguillas
Cyperaceae;Poales;Familia;Hierbas perennes de tallos triangulares macizos provistas de flores sésiles desnudas glumáceas
Juncaceae;Poales;Familia;Hierbas cespitosas con hojas lineares cilíndricas, inflorescencias cimosas y flores escariosas liliáceas reducidas
Typhaceae;Poales;Familia;Plantas palustres robustas con inflorescencias cilíndricas compactas divididas en porción masculina superior femenina
Commelinaceae;Commelinales;Familia;Hierbas carnosas con tallos nudosos mudables, hojas con vainas cerradas flores efímeras
Pontederiaceae;Commelinales;Familia;Plantas acuáticas flotantes o enraizadas con pecíolos esponjosos hinchados llenos tejido aerenquimático
Musaceae;Zingiberales;Familia;Megahierbas perennes rizomatosas falsos tallos formados por vainas imbricadas vainas foliares compactas
Cannaceae;Zingiberales;Familia;Hierbas erectas con hojas asimétricas grandes, flores vistosas compuestas principalmente por estaminodios petaloideos
Zingiberaceae;Zingiberales;Familia;Hierbas aromáticas ricas en aceites esenciales, rizomas rastreros horizontales flores con un estambre
Ceratophyllaceae;Ceratophyllales;Familia;Plantas acuáticas totalmente sumergidas con hojas verticiladas dicotómicamente divididas que carecen raíces
Ranunculaceae; Ranunculales;Familia;Hierbas que acumulan alcaloides venenosos con flores de numerosos estambres dispuestos en espiral
Papaveraceae; Ranunculales;Familia;Plantas caracterizadas por canales laticíferos conspicuos y flores con dos sépalos caducos tempranamente
Proteaceae;Proteales;Familia;Árboles australes con flores tetrámeras apétalas, estambres epitépalos y raíces proteoides densamente ramificadas
Buxaceae;Buxales;Familia;Arbustos perennes monoicos con hojas coriáceas opuestas y flores simplificadas carentes de corola
Crassulaceae;Saxifragales;Familia;Plantas suculentas que realizan fotosíntesis tipo CAM con gineceo apocárpico y nectarios escamosos basales
Vitaceae;Vitales;Familia;Lianas trepadoras provistas de zarcillos opuestos a las hojas y frutos tipo baya
Zygophyllaceae;Zygophyllales;Familia;Plantas de zonas áridas con hojas compuestas estipuladas y madera marcadamente densa
Oxalidaceae;Oxalidales;Familia;Hierbas que acumulan grandes concentraciones de ácido oxálico con hojas trifoliadas marcadamente pulvinadas
Euphorbiaceae;Malpighiales;Familia;Plantas con látex cáustico, flores unisexuales reducidas y frutos de dehiscencia esquizocárpica trilocular
Passifloraceae;Malpighiales;Familia;Lianas trepadoras con zarcillos axilares, flores vistosas provistas de una corona filamentosa compleja
Malpighiaceae;Malpighiales;Familia;Plantas con pelos unicelulares en forma de T y glándulas oleíferas calicinales conspicuas
Rhizophoraceae;Malpighiales;Familia;Árboles de manglar con raíces zancudas, estípulas interpeciolares y semillas de germinación vivípara embrionaria
Salicaceae;Malpighiales;Familia;Plantas leñosas dioicas con hojas alternas aserradas que contienen salicina en sus tejidos
Linaceae;Malpighiales;Familia;Hierbas con hojas sésiles enteras y flores pentámeras dialipétalas de simetría marcadamente actinomorfa
Erythroxylaceae;Malpighiales;Familia;Arbustos tropicales con hojas enteras provistas de líneas areoladas longitudinales paralelas al nervio
Clusiaceae;Malpighiales;Familia;Árboles con resinas coloreadas, hojas opuestas coriáceas enteras y numerosos estambres fusionados fasciculados
Violaceae;Malpighiales;Familia;Hierbas o arbustos con flores zigomorfas provistas de un pétalo inferior marcadamente espolonado
Rafflesiaceae;Malpighiales;Familia;Plantas parásitas endófitas extremas que producen la flor individual más grande del mundo
Fabaceae;Fabales;Familia;Leguminosas con nódulos fijadores de nitrógeno, hojas compuestas estipuladas y frutos tipo legumbre
Rosaceae;Rosales;Familia;Plantas con estípulas conspicuas, flores hipóginas y receptáculos expandidos en forma de hipanto
Urticaceae;Rosales;Familia;Hierbas con cistolitos epidérmicos, pelos urticantes protectores y estambres elásticos que eyectan polen
Rhamnaceae;Rosales;Familia;Plantas leñosas con estambres opuestos a los pétalos cóncavos y discos nectaríferos intrastaminales
Moraceae;Rosales;Familia;Árboles con savia laticífera, estípulas terminales caedizas e inflorescencias complejas tipo sicono o moras
Cannabaceae;Rosales;Familia;Plantas con hojas palmatilobadas, pelos aromáticos glandulares resinosos e inflorescencias cimosas compactas dioicas
Begoniaceae;Cucurbitales;Familia;Hierbas carnosas con hojas marcadamente asimétricas provistas de flores unisexuales y frutos trialados
Cucurbitaceae;Cucurbitales;Familia;Plantas trepadoras sarmentosas con zarcillos espirales, flores unisexuales y frutos carnosos tipo pepónide
Betulaceae;Fagales;Familia;Árboles forestales con hojas doblemente aserradas y flores masculinas dispuestas en amentos péndulos
Juglandaceae;Fagales;Familia;Árboles aromáticos con hojas pinnadas compuestas alternas que producen drupas involucradas llamadas nueces
Casuarinaceae;Fagales;Familia;Árboles dioicos con ramas articuladas fotosintéticas delgadas y hojas reducidas a escamas verticiladas
Geraniaceae;Geraniales;Familia;Hierbas aromáticas con hojas lobuladas y frutos esquizocárpicos provistos de micos elásticos largamente rostrados
Myrtaceae;Myrtales;Familia;Plantas leñosas con corteza exfoliante, hojas opuestas punteadas y floema interno intraxilar característico
Lythraceae;Myrtales;Familia;Plantas con tallos cuadrangulares, hojas opuestas enteras y flores de pétalos marcadamente arrugados corrugados
Onagraceae;Myrtales;Familia;Hierbas con flores tetrámeras tubulares de ovario ínfero y granos de polen unidos hilos viscina
Melastomataceae;Myrtales;Familia;Hojas con nervación acródroma característica y anteras falcadas provistas de apéndices conectivales basales
Anacardiaceae;Sapindales;Familia;Árboles con canales de resina alérgica cáustica, hojas alternas compuestas y frutos tipo drupa
Sapindaceae;Sapindales;Familia;Plantas leñosas con apéndices petaloideos internos, semillas ariladas y frutos frecuentemente capsulares alados
Meliaceae;Sapindales;Familia;Árboles tropicales con madera valiosa, hojas pinnadas y filamentos estaminales fusionados en tubo cilíndrico
Rutaceae;Sapindales;Familia;Plantas aromáticas con cavidades secretoras esquizógenas oleíferas y frutos hesperidios cítricos con pelos jugosos
Burseraceae;Sapindales;Familia;Árboles con corteza lisa exfoliante que secretan resinas aromáticas medicinales como el incienso
Bixaceae;Malvales;Familia;Plantas con savia coloreada amarillo-rojiza, hojas palmatinervias y semillas cubiertas por pulpa rutilante pigmentada
Malvaceae;Malvales;Familia;Plantas con indumento estrellado, canales mucilaginosos internos y estambres fusionados en un tubo monadelfo
Bataceae;Brassicales;Familia;Arbustos halófitos suculentos postrados de playas con flores unisexuales agrupadas en estróbilos axilares
Caricaceae;Brassicales;Familia;Plantas laticíferas de tallos carnosos blandos escasamente ramificados coronados por hojas palmatilobadas gigantes
Brassicaceae;Brassicales;Familia;Hierbas que producen glucosinolatos, con inflorescencias en racimos y flores con cuatro pétalos cruzados
Moringaceae;Brassicales;Familia;Árboles de raíces tuberosas con hojas bi o tripinnadas y flores zigomorfas melíferas de ovario súpero
Tropaeolaceae;Brassicales;Familia;Hierbas carnosas rastreras con hojas peltadas enteras y flores vistosas provistas de un espolón calicinal
Capparaceae;Brassicales;Familia;Arbustos con hojas alternas enteras provistas de flores con receptáculos alargados llamados androginóforos conspicuos
Loranthaceae;Santalales;Familia;Hemiparásitas epífitas leñosas con raíces haustoriales modificadas y flores polinizadas por aves de colores intensos
Balanophoraceae;Santalales;Familia;Holoparásitas radiculares carnosas tuberosas que carecen de clorofila, parecidas a hongos con flores diminutas inflorescencias
Aizoaceae;Caryophyllales;Familia;Hierbas suculentas cactiformes con hojas opuestas carnosas y flores vistosas con numerosos estaminodios petaloideos
Caryophyllaceae;Caryophyllales;Familia;Hierbas con nudos hinchados, hojas opuestas decusadas enteras y pétalos frecuentemente hendidos apicalmente unguiculados
Polygonaceae;Caryophyllales;Familia;Plantas con nudos articulados provistos de una vaina estipular membrácea llamada ócrea característica
Portulacaceae;Caryophyllales;Familia;Hierbas carnosas postradas con hojas alternas suculentas enteras y cápsulas de dehiscencia circuncisa pixidios
Tamaricaceae;Caryophyllales;Familia;Arbustos xerofíticos con hojas reducidas escuamiformes sésiles y glándulas excretoras de sal en sus tejidos
Plumbaginaceae;Caryophyllales;Familia;Hierbas o arbustos perennes con glándulas secretoras de cal e inflorescencias cimosas con cálices membranosos plegados
Nyctaginaceae;Caryophyllales;Familia;Plantas con flores rodeadas por brácteas petaloides marcadamente coloreadas vistosas y antocarpos envolventes secos
Nepenthaceae;Caryophyllales;Familia;Plantas carnívoras trepadoras cuyos ápices foliares se modifican formando trampas tubulares jarros ascidios
Droseraceae;Caryophyllales;Familia;Hierbas carnívoras palustres con hojas provistas de tentáculos glandulares adhesivos sensibles al contacto
Amaranthaceae;Caryophyllales;Familia;Hierbas con flores diminutas secas escariosas bracteadas de frutos utrículos adaptadas a suelos salinos
Basellaceae;Caryophyllales;Familia;Lianas carnosas mucilaginosas mucilagináceas con hojas suculentas enteras alternas y espigas densas de flores sésiles
Molluginaceae;Caryophyllales;Familia;Hierbas anuales con hojas dispuestas en falsos verticilos e inflorescencias cimosas axilares reducidas simplificadas
Cactaceae;Caryophyllales;Familia;Suculentas espinosas fotosintéticas con tallos modificados cladodios, areolas lanosas y numerosos tépalos espiralados espiralados
Ericaceae;Ericales;Familia;Plantas acidófilas con micorrizas ericoides, anteras poricidas invertidas provistas de apéndices en forma de cuernos
Sarraceniaceae;Ericales;Familia;Hierbas carnívoras de turberas con hojas modificadas en estructuras tubulares ascendentes atrapamoscas jarros
Theaceae;Ericales;Familia;Arbustos leñosos perennes con hojas aserradas coriáceas ricas en teína y flores polistémonas vistosas
Sapotaceae;Ericales;Familia;Árboles laticíferos con indumento de pelos malpighiáceos, hojas enteras alternas y frutos bayas carnosas
Polemoniaceae;Ericales;Familia;Hierbas con flores pentámeras gamopétalas actinomorfas provistas de un ovario trilocular con estilo trífido
Acanthaceae;Lamiales;Familia;Plantas con cistolitos epidérmicos lineares conspicuos, flores zigomorfas bracteadas y semillas sostenidas por retináculos
Lamiaceae;Lamiales;Familia;Hierbas con tallos cuadrangulares aromáticos, hojas opuestas decusadas y flores bilabiadas zigomorfas de ovario tetralobulado
Plantaginaceae;Lamiales;Familia;Hierbas con hojas basales arrosetadas provistas de venación paralela e inflorescencias espiciformes densas anemófilas
Bignoniaceae;Lamiales;Familia;Lianas trepadoras leñosas con hojas compuestas tendriladas, flores vistosas infundibuliformes y semillas marcadamente aladas
Oleaceae;Lamiales;Familia;Árboles o arbustos con hojas opuestas enteras, flores tetrámeras caracterizadas por poseer únicamente dos estambres
Verbenaceae;Lamiales;Familia;Plantas leñosas con tallos cuadrangulares, hojas opuestas aserradas e inflorescencias capituliformes o espiciformes de ovario entero
Convolvulaceae;Solanales;Familia;Lianas trepadoras laticíferas con hojas alternas cordadas y flores gamopétalas marcadamente infundibuliformes plegadas convolutas
Solanaceae;Solanales;Familia;Plantas ricas en alcaloides solaninos con flores actinomorfas tubulares, anteras conniventes y frutos bayas multicarpelares
Apocynaceae;Gentianiales;Familia;Plantas laticíferas con hojas opuestas enteras, granos de polen agrupados en polinias y frutos folículos dobles
Rubiaceae;Gentianiales;Familia;Plantas con hojas opuestas decusadas enteras unidas por estípulas interpeciolares conspicuas y ovario ínfero
Gentianaceae;Gentianiales;Familia;Hierbas con hojas opuestas sésiles enteras de venación acródroma, corolas convolutas y placentación parietal doble
Boraginaceae;Boraginales;Familia;Hierbas cubiertas por pelos hirsutos silicificados duros con inflorescencias cimosas escorpioideas helicoidales replegadas
Heliotropiaceae;Boraginales;Familia;Arbustos o hierbas con hojas alternas cubiertas de indumento tosco provistos de frutos esquizocárpicos drupáceos
Asteraceae;Asterales;Familia;Flores diminutas densamente agrupadas en capítulos rodeados por brácteas involucrales con cálices modificados vilanos
Campanulaceae;Asterales;Familia;Hierbas laticíferas con flores gamopétalas marcadamente campanuladas actinomorfas provistas de un ovario ínfero sincárpico
Apiaceae;Apiales;Familia;Hierbas umbelíferas aromáticas con canales secretores, hojas divididas envainadoras e inflorescencias en umbelas compuestas
Caprifoliaceae;Dipsacales;Familia;Hierbas o arbustos con hojas opuestas carentes de estípulas, flores zigomorfas tubulares y gineceo ínfero
Animalia;Eukarya;Reino;Animales
Eumetazoa;Animalia;Subreino;Animales con verdaderos tejidos diferenciados, sistema nervioso y hojas embrionarias organizadas durante el desarrollo
Bilateria;Eumetazoa;Infrareino;Animales con simetría bilateral, triploblásticos y con una clara polaridad cefálica
Protostomia;Bilateria;Parvreino;Clado donde el blastoporo embrionario origina primariamente la boca del organismo adulto final
Deuterostomia;Bilateria;Parvreino;Clado donde el blastoporo embrionario origina el ano, desarrollándose la boca secundariamente
Spiralia;Protostomia;Superfilo/Superdivisión;Protóstomos caracterizados por presentar una segmentación elíptica u oblicua de tipo espiral embrionaria
Ecdysozoa;Protostomia;Superfilo/Superdivisión;Animales protóstomos que mudan periódicamente su cutícula externa mediante el proceso de ecdisis
Ambulacraria;Deuterostomia;Superfilo/Superdivisión;Clado de deuteróstomos que reúne a equinodermos y hemicordados por similitudes larvarias tricoelomadas
Porifera;Animalia;Filo/División;Esponjas sésiles acuáticas con cuerpos porosos que carecen de verdaderos tejidos y órganos especializados
Cnidaria;Eumetazoa;Filo/División;Animales diblásticos con simetría radial provistos de células urticantes especializadas llamadas cnidocitos
Ctenophora;Eumetazoa;Filo/División;Animales marinos transparentes que se desplazan mediante hileras de paletas ciliadas llamadas peines
Chaetognatha;Spiralia;Filo/División;Gusanos flecha marinos depredadores planctónicos provistos de espinas quitinosas quitinizadas cefálicas ganchudas
Rotifera;Spiralia;Filo/División;Animales microscópicos pseudocelomados provistos de una corona ciliada anterior y una faringe masticadora
Platyhelminthes;Spiralia;Filo/División;Gusanos planos acelomados dorsoventralmente comprimidos que carecen de sistema circulatorio y respiratorio especializado
Gastrotricha;Spiralia;Filo/División;Pequeños invertebrados acuáticos pseudocelomados con cutícula ornamentada con escamas y espinas vibrátiles dorsales
Annelida;Spiralia;Filo/División;Gusanos celomados segmentados caracterizados por poseer cuerpos divididos internamente por septos metámicos
Mollusca;Spiralia;Filo/División;Invertebrados de cuerpo blando dividido en pie musculoso, masa visceral y manto secretor
Nemertea;Spiralia;Filo/División;Gusanos cinta provistos de una probóscide evaginable larga evaginable alojada en el rincocele dorsal
Brachiopoda;Spiralia;Filo/División;Invertebrados marinos bentónicos protegidos por dos valvas dorsoterminales sostenidos por un pedúnculo carnoso
Bryozoa;Spiralia;Filo/División;Pequeños animales coloniales sésiles que capturan alimento mediante una corona ciliada llamada lofóforo
Nematoda;Ecdysozoa;Filo/División;Gusanos cilíndricos pseudocelomados no segmentados cubiertos por una cutícula gruesa de colágeno elástica
Tardigrada;Ecdysozoa;Filo/División;Osos de agua microscópicos con cuatro pares de patas lobópodas terminadas en uñas resistentes
Onychophora;Ecdysozoa;Filo/División;Gusanos aterciopelados terrestres con patas lobópodas que secretan limo adhesivo para capturar presas
Arthropoda;Ecdysozoa;Filo/División;Invertebrados con exoesqueleto quitinoso articulado y apéndices pareados modificados funcionalmente para diversas tareas
Echinodermata;Ambulacraria;Filo/División;Invertebrados marinos con simetría pentarrradial secundaria y un sistema vascular acuífero ambulacral exclusivo
Hemichordata;Ambulacraria;Filo/División;Animales marinos con cuerpo dividido en probóscide, collar y tronco, provistos de hendiduras branquiales
Chordata;Deuterostomia;Filo/División;Animales que poseen notocorda, cordón nervioso hueco dorsal y hendiduras faríngeas en fases embrionarias
Medusozoa;Cnidaria;Subfilo/Subdivisión;Clado de cnidarios cuyo ciclo biológico incluye típicamente una fase libre nadadora pelágica medusa
Anthozoa*;Cnidaria;Subfilo/Subdivisión;Cnidarios exclusivamente pólipos marinos sésiles solitarios o coloniales que carecen de fase medusa
Endocnidozoa;Cnidaria;Subfilo/Subdivisión;Cnidarios parásitos microscópicos altamente reducidos que poseen cápsulas polares homólogas a los nematocistos
Rhabditophora;Platyhelminthes;Subfilo/Subdivisión;Platelmintos que poseen glándulas con rabdites y sistemas de sujeción bicelulares adhesivos complejos
Anopla;Nemertea;Subfilo/Subdivisión;Nemerteos cuya probóscide carece de un estilete calcáreo perforador armado en su extremo
Linguliformea;Brachiopoda;Subfilo/Subdivisión;Braquiópodos inarticulados con valvas fosfáticas ricas en quitina unidas únicamente por músculos complejos
Crustacea;Arthropoda;Subfilo/Subdivisión;Artrópodos mayoritariamente acuáticos provistos de dos pares de antenas y apéndices típicamente birrámeos
Hexapoda;Arthropoda;Subfilo/Subdivisión;Artrópodos con el cuerpo dividido en cabeza, tórax con tres pares de patas y abdomen
Myriapoda;Arthropoda;Subfilo/Subdivisión;Artrópodos terrestres con la cabeza provista de antenas y troncos alargados con numerosos segmentos articulados
Chelicerata;Arthropoda;Subfilo/Subdivisión;Artrópodos sin antenas con el cuerpo dividido en prosoma y opistosoma, provistos de quelíceros bucales
Crinozoa;Echinodermata;Subfilo/Subdivisión;Equinodermos sésiles o móviles con el cuerpo en forma de copa provisto de brazos plumosos
Asterozoa;Echinodermata;Subfilo/Subdivisión;Equinodermos con cuerpo aplanado estrellado donde los brazos no se demarcan claramente del disco central
Echinozoa;Echinodermata;Subfilo/Subdivisión;Equinodermos globosos o discoidales que carecen completamente de brazos móviles apéndices ambulacrales radiados
Cephalochordata;Chordata;Subfilo/Subdivisión;Cordados pisciformes excavadores bentónicos que retienen permanentemente la notocorda a lo largo de todo el cuerpo
Urochordata;Chordata;Subfilo/Subdivisión;Cordados marinos sésiles con túnica externa de celulosa cuya fase larvaria posee la notocorda cola
Vertebrata;Chordata;Subfilo/Subdivisión;Cordados con un esqueleto interno óseo o cartilaginoso que protege el sistema nervioso centralizado encéfalo
Oligostraca;Crustacea;Infrafilo/Infradivisión;Clado de pancrustáceos que agrupa taxones con un número reducido de apéndices postcefálicos
Altocrustacea;Crustacea;Infrafilo/Infradivisión;Grupo monofilético que reúne a los crustáceos superiores
Agnatha*;Vertebrata;Infrafilo/Infradivisión;Vertebrados basales caracterizados por la ausencia total de mandíbulas y de aletas pareadas
Gnathostomatha;Vertebrata;Infrafilo/Infradivisión;Vertebrados provistos de mandíbulas articuladas derivadas evolutivamente de los arcos branquiales anteriores
Entognatha*;Hexapoda;Superclase;Hexápodos basales cuyas piezas bucales se encuentran ocultas dentro de un pliegue cefálico
Ectognatha;Hexapoda;Superclase;Hexápodos (insectos verdaderos) caracterizados por poseer piezas bucales expuestas externamente fuera de la cabeza
Cyclostomi;Agnatha*;Superclase;Vertebrados agnatos vivientes con bocas circulares chupadoras que agrupan a lampreas y mixines
Osteostracomorphi †;Agnatha*;Superclase;Vertebrados agnatos fósiles acorazados por extensos escudos óseos cefálicos con campos sensoriales dorsales
Chondrichthyes;Gnathostomatha;Superclase;Peces cartilaginosos con escamas placoides, hendiduras branquiales expuestas y ausencia de vejiga natatoria
Osteichthyes*;Gnathostomatha;Superclase;Peces con esqueleto óseo calcificado, branquias protegidas por opérculo y presencia de vejiga natatoria
Tetrapoda;Gnathostomatha;Superclase;Vertebrados con cuatro extremidades marchadoras tipo quiridio adaptados primariamente a la vida terrestre
Calcarea;Porifera;Clase;Esponjas marinas caracterizadas por poseer espículas compuestas exclusivamente por carbonato de calcio
Demospongiae;Porifera;Clase;La clase más diversa de esponjas, con espículas silíceas o fibras de espongina
Hydrozoa;Medusozoa;Clase;Cnidarios con alternancia generacional donde la fase pólipo suele formar colonias polimórficas especializadas
Scyphoza;Medusozoa;Clase;Medusas verdaderas marinas con fase de pólipo reducida (escifistoma) y estróbilos que liberan éfiras
Cubozoa;Medusozoa;Clase;Medusas con umbrela de sección cuadrangular, ojos complejos (roplayos) y picadura altamente neurotóxica
Anthozoa;Anthozoa*;Clase;Cnidarios exclusivamente pólipos marinos sésiles solitarios o coloniales que carecen de fase medusa
Myxozoa;Endocnidozoa;Clase;Cnidarios parásitos microscópicos altamente reducidos que poseen cápsulas polares homólogas a los nematocistos
Nuda;Ctenophora;Clase;Ctenóforos que carecen completamente de tentáculos y capturan presas engulléndolas con bocas macroscópicas
Tentaculata;Ctenophora;Clase;Ctenóforos provistos de dos tentáculos largos retractiles equipados con células adhesivas llamadas coloblastos
 Sagittoidea;Chaetognatha;Clase;Única clase de quetognatos vivientes, con aletas laterales transparentes y espinas cefálicas quitinosas
Eurotifera;Rotifera;Clase;Subclase principal de rotíferos que poseen coronas ciliadas desarrolladas y reproducción por partenogénesis
Hemirotifera;Rotifera;Clase;Linaje de rotíferos con la corona ciliada modificada o reducida adaptada a ambientes intersticiales
Amplimatricata;Rhabditophora;Clase;Clado de rotíferos emparentado con acantocéfalos parásitos que carecen de tubo digestivo adulto
Euneoophora;Rhabditophora;Clase;Grupo avanzado de microinvertebrados dulceacuícolas con desarrollo ovárico diferenciado y complejos aparatos masticadores
Sipuncula;Annelida;Clase;Gusanos marinos no segmentados con un cuerpo dividido en un introverso evaginable y tronco
Polychaeta;Annelida;Clase;Anélidos marinos caracterizados por poseer parápodos conspicuos provistos de numerosas quetas quitinosas terminales
Clitellata;Annelida;Clase;Anélidos hermafroditas con un capullo glandular (clitelo) encargado de secretar mucílago protector reproductivo
Solenogastres;Mollusca;Clase;Moluscos vermiformes marinos sin concha cubiertos por espículas calcáreas con un surco pedal
Scaphoda;Mollusca;Clase;Moluscos con concha tubular cónica abierta por ambos extremos y tentáculos captores llamados captáculos
Monoplacophora;Mollusca;Clase;Moluscos bentónicos profundos con concha única cónica y órganos internos repetidos metáméricamente en serie
Caudofoveata;Mollusca;Clase;Moluscos vermiformes cavadores sin concha ni pie, con un escudo oral sensitivo cuticular
Bivalvia;Mollusca;Clase;Moluscos con concha de dos valvas articuladas por una charnela, carentes de rádula bucal
Polyplacophora;Mollusca;Clase;Moluscos con concha dorsal compuesta por ocho placas calcáreas articuladas rodeadas por un cinturón
Gastropoda;Mollusca;Clase;Moluscos asimétricos con concha típicamente espiralada que sufren torsión visceral durante su desarrollo embrionario
Cephalopoda;Mollusca;Clase;Moluscos marinos con pie modificado en brazos tentáculos, sifón eyector y sistema nervioso marcadamente centralizado
Pilidiophora;Anopla;Clase;Nemerteos caracterizados por poseer desarrollo indirecto a través de una larva pilidio nadadora
Lingulata;Linguliformea;Clase;Braquiópodos inarticulados con valvas fosfáticas ricas en quitina unidas únicamente por músculos complejos
Gymnolaemata;Bryozoa;Clase;Briozoos mayoritariamente marinos con lofóforos circulares y zooides protegidos por exoesqueletos quitinosos calcificados
Chromadorea;Nematoda;Clase;Nematodos con anfidios espiralados o circulares complejos y un sistema excretor provisto de canales
Dorylaimia;Nematoda;Clase;Nematodos del suelo o acuáticos provistos de un estilete bucal perforador (odontostilo) bien desarrollado
Eutardigrada;Tardigrada;Clase;Tardígrados que carecen de apéndices cefálicos laterales y poseen cutículas lisas no divididas en placas
Ostracoda;Oligostraca;Clase;Crustáceos diminutos con el cuerpo totalmente encerrado en un caparazón bivalvo quitinoso o calcificado
Branchiopoda;Altocrustacea;Clase;Crustáceos branquiópodos dulceacuícolas con apéndices foliáceos modificados que funcionan como branquias y remos
Copepoda;Altocrustacea;Clase;Crustáceos microplanctónicos sin caparazón con un ojo naupliar centralizado y largas antenas primeras locomotoras
Thecostraca;Altocrustacea;Clase;Crustáceos marinos sésiles sésiles modificados (percebes) protegidos por placas calcáreas fijadas al sustrato
Malacostraca;Altocrustacea;Clase;La clase más grande de crustáceos (cangrejos, langostas) con tagmatización fija de catorce segmentos corporales
Protura;Entognatha*;Clase;Hexápodos entognatos diminutos ciegos que carecen completamente de antenas y de apéndices abdominales
Collembola;Entognatha*;Clase;Hexápodos entognatos provistos de un órgano saltador abdominal bifurcado llamado fúrcula ventral posterior
Diplura;Entognatha*;Clase;Hexápodos entognatos ciegos alargados caracterizados por poseer dos cercos terminales filamentosos o pinzas
Insecta;Ectognatha;Clase;Artrópodos con el cuerpo dividido en cabeza, tórax con tres pares de patas y abdomen. Provistos de antenas
Chilopoda;Myriapoda;Clase;Miriápodos (ciempiés) de cuerpo deprimido con un par de patas por segmento y forcípulas venenosas
Diplopoda;Myriapoda;Clase;Miriápodos (milpiés) de cuerpo cilíndrico caracterizados por presentar dos pares de patas por diplosegmento
Euchelicerata;Chelicerata;Clase;Quelicerados verdaderos (arácnidos y xifosuros) con prosoma cubierto por un escudo continuo dorsal
Pycnogonida;Chelicerata;Clase;Arañas de mar con cuerpos extremadamente reducidos donde los órganos internos invaden las patas
Crinoidea;Crinozoa;Clase;Equinodermos sésiles o móviles con el cuerpo en forma de copa provisto de brazos plumosos
Asteroidea;Asterozoa;Clase;Estrellas de mar con brazos de base ancha no demarcados del disco central y surcos ambulacrales abiertos
Ophiuroidea;Asterozoa;Clase;Ofiuras con brazos delgados cilíndricos articulados nítidamente separados del disco central corporal redondo
Echinoidea;Echinozoa;Clase;Erizos de mar con esqueleto globoso rígido (teca) cubierto de espinas móviles y linterna de Aristóteles
Holothuroidea;Echinozoa;Clase;Pepinos de mar con cuerpos alargados carnosos de simetría bilateral secundaria y tentáculos bucales ramificados
Enteropneusta;Hemichordata;Clase;Hemicordados vermiformes bentónicos con probóscide cónica que excavan túneles en sedimentos marinos costeros
Leptocardii ;Cephalochordata;Clase;Anfioxos con notocorda persistente prolongada hasta el extremo anterior de su cabeza puntiaguda
Ascidiacea;Urochordata;Clase;Tunicados sésiles con sifones inhalante y exhalante que filtran agua mediante una gran faringe perforada
Thaliacea;Urochordata;Clase;Tunicados pelágicos transparentes flotantes coloniales que se desplazan mediante propulsión a chorro de agua
Appendicularia;Urochordata;Clase;Tunicados planctónicos que retienen la cola larvaria y construyen complejas casas mucilaginosas filtradoras externas
Mixini;Cyclostomi;Clase;Agnatos marinos carroñeros sin vértebras verdaderas que secretan grandes cantidades de mucosidad defensiva hialina
Petromyzonti;Cyclostomi;Clase;Lampreas con esqueleto cartilaginoso rudimentario y boca circular armada con dientes córneos queratinizados raspadores
 Cephalaspidomorphi†;Osteostracomorphi †;Clase;Agnatos fósiles acorazados con ojos dorsales juntos y aletas pectorales estabilizadoras lobuladas
Placodermi†;Gnathostomatha;Clase;Peces fósiles mandibulados primitivos cubiertos por placas óseas articuladas en la región del cuello
Acanthodii†;Gnathostomatha;Clase;Tiburones de espinas fósiles caracterizados por presentar robustas espinas rígidas en todas sus aletas
Elasmobranchii; Chondrichthyes;Clase;Condrictios (tiburones y rayas) con hendiduras branquiales laterales separadas y mandíbula anfistílica o hiostílica
Holocephali; Chondrichthyes;Clase;Quimeras marinas con una sola apertura branquial protegida por un pliegue opercular carnoso blando
Cladistii; Osteichthyes*;Clase;Peces óseos basales con aletas dorsales divididas en múltiples pínulas independientes y escamas ganoideas
Actinopteri; Osteichthyes*;Clase;Peces con aletas sostenidas por radios óseos membranosos flexibles, constituyendo la gran mayoría de peces
 Sarcopterygii; Osteichthyes*;Clase;Peces de aletas lobuladas carnosas provistas de un eje óseo interno homólogo a tetrápodos
Amphibia;Tetrapoda;Clase;Vertebrados anamniotas con desarrollo larvario acuático, metamorfosis obligada y respiración cutánea accesoria predominante
Sauropsida (Reptilia);Tetrapoda;Clase;Amniotas con piel cubierta por escamas epidérmicas queratinizadas secas impermeables que evitan la desecación
Aves*;Tetrapoda;Clase;Saurópsidos endotermos especializados en el vuelo con extremidades anteriores transformadas en alas y cuerpo plumoso
Mammalia;Tetrapoda;Clase;Amniotas endotermos caracterizados por poseer pelo corporal y glándulas mamarias funcionales productoras de leche
Hydroidolina;Hydrozoa;Subclase;Hidrozoos modificados cuyo ciclo biológico prioriza la fase de pólipo colonial o medusas con velo
Hexacorallia;Anthozoa;Subclase;Antozoos (corales) con simetría hexámera y tentáculos simples dispuestos en múltiples de seis
Octocorallia;Anthozoa;Subclase;Antozoos coloniales con ocho tentáculos pinnados y simetría octámera estricta en sus pólipos
Myxosporea;Myxozoa;Subclase;Mixozoos parásitos con esporas pluricelulares provistas de cápsulas polares eyectables extrusibles defensivas
Bdelloidea;Eurotifera;Subclase;Rotíferos dulceacuícolas partenogenéticos obligados con corona doble y pie retráctil con dedos
Monogononta;Eurotifera;Subclase;Rotíferos con un solo ovario que presentan alternancia entre reproducción amíctica y mictica
Acanthocephala;Hemirotifera;Subclase;Gusanos parásitos endosigmáticos con una probóscide espinosa evaginable utilizada para fijarse al hospedador
Acentrosomata;Euneoophora;Subclase;Clado de platelmintos que carecen de centrosomas polares organizadores durante la división celular
Monogenea;Euneoophora;Subclase;Platelmintos ectoparásitos de organismos acuáticos provistos de un órgano de fijación posterior (haptor)
Trematoda;Euneoophora;Subclase;Duelas parásitas con ventosas orales y ventrales que poseen ciclos biológicos complejos multihospedador
Cestoda;Euneoophora;Subclase;Gusanos planos parásitos (tenias) con cuerpo segmentado en proglótides y ausencia de tubo digestivo
Errantia;Polychaeta;Subclase;Poliquetos de vida libre con parápodos bien desarrollados y estructuras cefálicas sensoriales conspicuas
Oligochaeta;Clitellata;Subclase;Anélidos hermafroditas terrestres o dulceacuícolas con pocas quetas y ausencia total de parápodos
Hirudinea;Clitellata;Subclase;Sanguijuelas con cuerpo de segmentos fijos, ventosas terminales y glándulas secretoras de hirudina
Autobranchia;Bivalvia;Subclase;Bivalvos donde las branquias funcionan simultáneamente como órganos respiratorios y filtros capturadores de alimento
Protobranchia;Bivalvia;Subclase;Bivalvos basales con branquias simples bipectinadas utilizadas exclusivamente para el intercambio de gases
Neoloricata;Polyplacophora;Subclase;Poliplacóforos vivientes con placas articuladas provistas de estetes (órganos sensoriales fotoreceptores epidérmicos)
Vetigastropoda;Gastropoda;Subclase;Gastrópodos marinos basales con conchas perforadas o fisuradas y bifurcaciones sensoriales epipodiales
Heterebranchia;Gastropoda;Subclase;Gran linaje de gastrópodos (caracoles y babosas) con branquias modificadas o respiración pulmonar
Paleocephalopoda;Cephalopoda;Subclase;Cefalópodos basales extintos o relictos con conchas externas tabicadas macizas calcificadas
Neoceplhalopoda;Cephalopoda;Subclase;Cefalópodos modernos con concha interna reducida, perdida o modificada (calamares, pulpos)
Podocopa;Ostracoda;Subclase;Ostrácodos con caparazón bivalvo calcificado pesado y apéndices torácicos marchadores bien diferenciados
Myodocopa;Ostracoda;Subclase;Ostrácodos marinos planctónicos con caparazón provisto de una muesca anterior para las antenas
Sarsostraca;Branchiopoda;Subclase;Branquiópodos que carecen de caparazón, caracterizados por poseer cuerpos alargados segmentados apendiculados
Phyllopoda;Branchiopoda;Subclase;Branquiópodos con caparazón folioso o bivalvo y apéndices torácicos marcadamente aplanados foliáceos
Neocopepoda;Copepoda;Subclase;Subclase central de copépodos con tagmatización abdominal modificada y alta dominancia planctónica
Cirripedia;Thecostraca;Subclase;Crustáceos sésiles marinos modificados con caparazones calcáreos que filtran agua mediante cirros
Eumalacostraca;Malacostraca;Subclase;Malacostráceos superiores con caparazón que cubre el tórax y abdomen provisto de pleópodos
Hoplocarida;Malacostraca;Subclase;Malacostráceos depredadores (estomatópodos) con el segundo par de apéndices torácicos transformado en garras raptoras
Apterygota*;Insecta;Subclase;Grupo parafilético de insectos basales primitivamente ápteros que carecen totalmente de alas metamórficas
Pterygota;Insecta;Subclase;lado que agrupa a todos los insectos alados o secundariamente ápteros evolutivos
Pleurostigmophora;Chilopoda;Subclase;Chilópodos (ciempiés) con espiráculos respiratorios situados lateralmente en las membranas pleurales intersegmentales
Chilognatha;Diplopoda;Subclase;Diplópodos (milpiés) con exoesqueleto fuertemente calcificado y aberturas reproductivas situadas anteriormente
Merostomata;Euchelicerata;Subclase;Quelicerados marinos (cangrejos herradura) con caparazón en herradura, branquias en libro y telson alargado
Arachnida;Euchelicerata;Subclase;Quelicerados terrestres con cuatro pares de patas marchadoras, respiración traqueal o filotraqueal
Neoselachii;Elasmobranchii;Subclase;Subclase moderna de condrictios que incluye a los tiburones y rayas vivientes
 Chondrostei;Actinopteri;Subclase;Peces actinopterigios basales (esturiones) con esqueleto secundariamente cartilaginoso y escamas ganoideas reducidas
Neopterygii;Actinopteri;Subclase;Peces óseos modernos con escamas aligeradas, mandíbulas móviles complejas y aletas caudales homocercas
Actinistia; Sarcopterygii;Subclase;Sarcopterigios (celacantos) con aletas lobuladas articuladas y una aleta caudal trilobulada característica
Dipnoi; Sarcopterygii;Subclase;Peces pulmonados con aletas lobuladas delgadas y pulmones funcionales derivados de la vejiga gaseosa
Lissamphibia;Amphibia;Subclase;Clado que reúne a todos los órdenes de anfibios modernos vivientes no extintos
Temnospondyli†;Amphibia;Subclase;Importante grupo extinto de tetrápodos basales semiacuáticos con vértebras complejas divididas en elementos
Lepospondyli†;Amphibia;Subclase;Tetrápodos fósiles paleozóicos de tamaño reducido con vértebras simples en forma de carrete hialino
Lepidosauria;Sauropsida (Reptilia);Subclase;Reptiles con escamas superpuestas mudarles y hemipenes (lagartos, serpientes, tuátaras)
Archelosauria;Sauropsida (Reptilia);Subclase;Clado filogenético que agrupa molecularmente a las tortugas con los arcosaurios vivientes
Neornithes;Aves*;Subclase;Aves modernas vivientes caracterizadas por la pérdida total de dientes y fusión ósea carpometacarpal
Prototheria;Mammalia;Subclase;Mamíferos ovíparos (monotremas) que ponen huevos pero alimentan crías mediante glándulas mamarias difusas
Theria;Mammalia;Subclase;Mamíferos vivíparos donde el embrión se desarrolla internamente dentro de un útero materno
Paleoptera*;Pterygota;Infraclase;Insectos alados primitivos incapaces de plegar sus alas longitudinalmente sobre el abdomen dorsal. Es un 
Neoptera;Pterygota;Infraclase;Insectos alados avanzados capaces de plegar horizontal u oblicuamente las alas sobre el abdomen
Acari;Arachnida;Infraclase;Ácaros y garrapatas con prosoma y opistosoma fusionados en un cuerpo globoso indiviso
Holostei;Neopterygii;Infraclase;Neopterigios basales vivientes (pejelagartos) con escamas ganoideas pesadas y mandíbulas parcialmente móviles
Telostei;Neopterygii;Infraclase;El grupo más diverso de peces, con mandíbulas totalmente móviles protráctiles y vejiga natatoria hidrostática
Testudinata;Archelosauria;Infraclase;Tortugas caracterizadas por poseer un caparazón óseo rígido fusionado a costillas y vértebras
Archosauria;Archelosauria;Infraclase;Reptiles diápsidos avanzados que agrupan a cocodrilos, aves y dinosaurios extintos relacionados
Paleognathae;Neornithes;Infraclase;Aves corredoras terrestres (ratites) con paladar de estructura ósea primitiva rígida no móvil
Neognathae;Neornithes;Infraclase;Aves modernas con paladar móvil neognato articulado que facilita el movimiento maxilar superior
Metatheria;Theria;Infraclase;Linaje de mamíferos que incluye a los marsupiales y sus parientes fósiles directos
Eutheria (Placentalia);Theria;Infraclase;Mamíferos placentarios con gestación intrauterina prolongada mediada por una placenta alantoidea compleja altamente eficiente
Selachii;Neoselachii;Parvclase;Tiburones modernos con cuerpos fusiformes y hendiduras branquiales situadas en los flancos laterales
Batoidea (Batomorphii);Neoselachii;Parvclase;Rayas y mantas con cuerpos deprimidos dorsoventralmente y hendiduras branquiales situadas ventralmente
Galloanserae;Neognathae;Parvclase;Clado de aves neognatas que reúne específicamente a las gallináceas y las anátidas acuáticas
Neoaves;Neognathae;Parvclase;Clado hiperdiverso que incluye a la inmensa mayoría de las familias de aves modernas
Marsupialia;Metatheria;Parvclase;Mamíferos con gestación uterina breve que completan el desarrollo larvario dentro del marsupio ventral
Afrotheria;Eutheria (Placentalia);Parvclase;Clado de mamíferos placentarios originados en África que incluye elefantes, manatíes y cerdos hormigueros
Xenarthra;Eutheria (Placentalia);Parvclase;Placentarios americanos (perezosos, armadillos) con articulaciones vertebrales accesorias xenartrales exclusivas en su columna
Boreoeutheria;Eutheria (Placentalia);Parvclase;Gran clado que agrupa a la mayoría de mamíferos placentarios del hemisferio norte evolutivo
Polyneoptera;Neoptera;Superorden;Insectos alados como grillos y cucarachas, caracterizados por alas posteriores plegables y aparato masticador
Paraneoptera;Neoptera;Superorden;Insectos como chinches, piojos y trips, con piezas bucales modificadas para succionar fluidos
Holometabola;Neoptera;Superorden;Insectos con metamorfosis completa que pasan por estados de larva, pupa y adulto
Parasitiformes;Acari;Superorden;Grupo de ácaros que incluye a las garrapatas y especies depredadoras o parásitas
Acariformes;Acari;Superorden;El grupo más diverso de ácaros, que incluye especies diminutas, terrestres y acuáticas
Galeomorphi;Selachii;Superorden;Superorden de tiburones modernos con aleta anal, como el gran tiburón blanco
Squalomorphi;Selachii;Superorden;Tiburones de aguas profundas o primitivos que carecen de aleta anal, como el tollo
Dinosauria†;Archosauria;Superorden;Reptiles extintos dominantes del Mesozoico, ancestros directos de las aves actuales
Aequornithes;Neoaves;Superorden;Grupo de aves acuáticas que incluye pingüinos, garzas, pelícanos y cigüeñas
Columbimorphae;Neoaves;Superorden;Clado de aves que agrupa a palomas, gangas y los coloridos mesitos
Mirandornithes ;Neoaves;Superorden;Clado que une de forma sorprendente a los flamencos con los somormujos
Gruiformes;Neoaves;Superorden;Aves diversas que habitan humedales, como las grullas, rascotes y fochas
Strisores;Neoaves;Superorden;Linaje de aves nocturnas o aéreas como vencejos, colibríes y chotacabras
Otidimorphae ;Neoaves;Superorden;Clado de aves terrestres compuesto por avutardas, cucos y turacos
Telluraves;Neoaves;Superorden;El gran grupo de aves terrestres, que incluye rapaces, loros y pájaros cantores
Euarchontoglires;Boreoeutheria;Superorden;Superorden de mamíferos placentarios que agrupa evolutivamente a los roedores, lagomorfos, primates, tupaidos y lémures voladores
Laurasiatheria;Boreoeutheria;Superorden;Gran linaje de mamíferos diversificados en el antiguo continente de Laurasia, como carnívoros, ungulados, cetáceos y murciélagos
Leucosolenida;Calcarea;Orden;Esponjas calcáreas calcificadas con estructura de tipo asconoide, tubulares y de crecimiento colonial ramificado
Suberitida;Demospongiae;Orden;Orden de esponjas de mar de la clase Demospongiae, conocidas por su consistencia compacta y formas a menudo masivas
Dictyoceratida;Demospongiae;Orden;Esponjas de esqueleto córneo sin espículas silíceas; incluye a las famosas y tradicionales esponjas de baño
 Anthoathecata;Hydroidolina;Orden;Hidrozoos marinos que carecen de una cubierta protectora rígida (teca) alrededor de sus pólipos alimenticios
Leptothecata;Hydroidolina;Orden;Hidrozoos cuyos pólipos están protegidos por una cubierta transparente en forma de copa llamada teca
Siphonophora;Hydroidolina;Orden;Colonias flotantes de cnidarios sumamente especializados que actúan juntos como si fueran un único organismo individual
Semaeostomeae;Scyphoza;Orden;Medusas verdaderas grandes con brazos orales alargados y festoneados, como la conocida medusa común
Rhizostomeae;Scyphoza;Orden;Medusas que carecen de tentáculos marginales y poseen brazos orales fusionados que filtran el alimento
Chirodropida;Cubozoa;Orden;Cubomedusas grandes y venenosas con múltiples tentáculos en cada esquina, capaces de provocar picaduras mortales
Actiniaria;Hexacorallia;Orden;Cnidarios solitarios y sésiles conocidos comunmente como anémonas de mar, provistos de tentáculos urticantes
Antipatharia;Hexacorallia;Orden;Corales profundos conocidos como corales negros, con un esqueleto interno oscuro y ramificaciones arbóreas
Scleractinia;Hexacorallia;Orden;Corales pétreos duros que segregan esqueletos de carbonato de calcio, principales constructores de arrecifes arrecifales
 Scleralcyonacea;Octocorallia;Orden;Nuevo orden que clasifica a una gran parte de los octocorales u corales blandos modernos
Malacalcyonacea;Octocorallia;Orden;Linaje redefinido de octocorales que agrupa a diversas familias de corales blandos y formas carnosas
Multivalvulida;Myxosporea;Orden;Parásitos cnidarios microscópicos (mixozoos) cuyas esporas poseen más de tres valvas protectoras
Beroida;Nuda;Orden;Ctenóforos con forma de saco que carecen por completo de tentáculos y devoran a otros ctenóforos
Cydippida;Tentaculata;Orden;Ctenóforos esféricos u ovalados que poseen un par de largos tentáculos ramificados para capturar plancton
Aphragmophora; Sagittoidea;Orden;Gusanos flecha marinos (quetognatos) que carecen de septos ventrales en la cavidad de su cuerpo
 Philodinida;Bdelloidea;Orden;Rotíferos bdeloideos que se desplazan reptando como orugas y sobreviven mediante anhidrobiosis extrema
 Ploima;Monogononta;Orden;El grupo más grande de rotíferos de vida libre, caracterizados por poseer una coraza o lorica rígida
Oligacanthorhynchida;Acanthocephala;Orden;Gusanos parásitos acantocéfalos de cuerpo grande que infectan el intestino de mamíferos y aves
Polycladida;Amplimatricata;Orden;Gusanos planos marinos (turbelarios) de colores llamativos, con un intestino ramificado en múltiples direcciones
Tricladida;Acentrosomata;Orden;Planarias libres terrestres o acuáticas cuyo tubo digestivo se divide exactamente en tres ramas principales
Gyrodactylidea;Monogenea;Orden;Platelmintos parásitos monogéneos que infectan la piel de peces y destacan por ser vivíparos
Capsalidea ;Monogenea;Orden;Monogéneos ectoparásitos planos que se fijan firmemente a la piel y agallas de peces marinos
Plagiorchiida;Trematoda;Orden;Extenso orden de duelas parásitas (trematodos) que requieren múltiples huéspedes en su ciclo biológico
 Strigeidida;Trematoda;Orden;Trematodos parásitos cuyos adultos presentan un órgano de fijación especializado detrás de la ventosa ventral
Cyclophyllidea;Cestoda;Orden;El principal orden de tenias parásitas, caracterizadas por ganchos y ventosas en su cabeza o escólex
Chaetonotida;Gastrotricha;Orden;Pequeños invertebrados acuáticos del grupo de los gastrotricos, cubiertos de escamas o espinas cuticulares
Sipunculiformes;Sipuncula;Orden;Gusanos marinos conocidos como gusanos cacahuate, con un cuerpo cilíndrico y un introverto retractable
Phyllodocida;Errantia;Orden;Gusanos poliquetos marinos móviles con remos laterales (parápodos) bien desarrollados y mandíbulas fuertes
Crassiclitellata;Oligochaeta;Orden;Lombrices de tierra verdaderas, anélidos oligoquetos con un clitelo grueso esencial para la reproducción
Tubificida;Oligochaeta;Orden;Pequeños gusanos oligoquetos acuáticos, abundantes en sedimentos lodosos con bajos niveles de oxígeno
Rhynchobdellida;Hirudinea;Orden;Sanguijuelas acuáticas que poseen una probóscide muscular extensible para succionar fluidos sin usar mandíbulas
Arcida;Autobranchia;Orden;Almejas marinas de concha pesada y charnela recta con muchos dientes, como las arcas de Noé
Mytilida;Autobranchia;Orden;Moluscos bivalvos conocidos popularmente como mejillones, que se fijan a rocas mediante filamentos del biso
Pectinida;Autobranchia;Orden;Moluscos bivalvos que incluyen a las vieiras, capaces de nadar libremente aplaudiendo sus conchas
Chitonida;Neoloricata;Orden;Moluscos marinos llamados quitones, caracterizados por una concha dorsal articulada en ocho placas calcáreas
Lepetellida;Vetigastropoda;Orden;Caracoles marinos primitivos, frecuentemente con conchas en forma de lapa, adaptados a ambientes profundos
Aplysiida;Heterebranchia;Orden;Babosas de mar conocidas como liebres de mar, con conchas internas reducidas y nado elegante
 Stylommatophora;Heterebranchia;Orden;Caracoles y babosas terrestres con ojos situados en las puntas de dos tentáculos retráctiles
Nautilida;Paleocephalopoda;Orden;Cefalópodos marinos vivientes con concha externa espiralada dividida en cámaras con gas para flotar
Octopoda;Neoceplhalopoda;Orden;Cefalópodos marinos de ocho brazos sin concha interna, célebres por su asombrosa inteligencia y camuflaje
Myopsida;Neoceplhalopoda;Orden;Calamares costeros que poseen una membrana corneal transparente protegiendo sus ojos de sedimentos
Heteronemertea;Pilidiophora;Orden;Gusanos de cinta marinos con probóscide ramificada y paredes corporales divididas en tres capas musculares
Lingulida;Lingulata;Orden;Braquiópodos marinos con conchas fosfáticas fosilizadas casi idénticas desde el período Cámbrico antiguo
Cheilostomatida;Gymnolaemata;Orden;El orden más diverso de briozoos, animales coloniales con estuches calcáreos y puertas operculares
Ascarida;Chromadorea;Orden;Nematodos parásitos grandes y redondos que infectan el intestino de humanos y diversos animales domésticos
Oxyurida;Chromadorea;Orden;Pequeños nematodos conocidos como lombrices intestinales o parásitos del ano, comunes en niños pequeños
Tylenchida;Chromadorea;Orden;Nematodos fitoparásitos que dañan cultivos agrícolas utilizando un estilete bucal para perforar células
Trichinellida;Dorylaimia;Orden;Nematodos parásitos tisulares que causan la triquinosis al consumir carne cruda infectada con quistes
Parachela;Eutardigrada;Orden;Tardígrados u osos de agua que carecen de apéndices sensitivos laterales en la parte delantera
Podocopida;Podocopa;Orden;Pequeños crustáceos ostrácodos con un caparazón bivalvo calcificado, abundantes en todo tipo de aguas
Myodocopida;Myodocopa;Orden;Ostrácodos marinos con muescas en su caparazón que les permiten sacar las antenas natatorias
Anostraca;Sarsostraca;Orden;Crustáceos branquiópodos como la Artemia, que nadan invertidos y carecen por completo de caparazón
Notostraca;Phyllopoda;Orden;Crustáceos prehistóricos llamados camarones dinosaurio, con un gran caparazón dorsal en forma de escudo
Diplostraca;Phyllopoda;Orden;Crustáceos pulgas de agua que poseen un caparazón bivalvo transparente que encierra todo su cuerpo
Cyclopoida;Neocopepoda;Orden;Copépodos pequeños con antenas cortas, comunes en el plancton dulceacuícola y portadores de sacos ovíparos
Calanoida;Neocopepoda;Orden;Copépodos dominantemente marinos de antenas larguísimas, componentes vitales en la cadena alimentaria planetaria
Scalpellomorpha;Cirripedia;Orden;Percebes pedunculados primitivos con placas calcáreas adicionales fijados a rocas u objetos flotantes
Pollicipedomorpha;Cirripedia;Orden;Percebes de cuello carnoso apreciados gastronómicamente, comunes en costas rocosas batidas por olas
Balanomorpha;Cirripedia;Orden;Percebes sésiles con forma de volcán que crecen directamente pegados sobre rocas, muelles o ballenas
Amphipoda;Eumalacostraca;Orden;Pequeños crustáceos comprimidos lateralmente, como las pulgas de playa, que carecen de un caparazón verdadero
Isopoda;Eumalacostraca;Orden;Crustáceos aplanados dorsoventralmente que incluyen especies marinas gigantes y a las comunes cochinillas de humedad
Euphausiacea;Eumalacostraca;Orden;Pequeños crustáceos parecidos a camarones conocidos como krill, alimento principal de las grandes ballenas
Decapoda;Eumalacostraca;Orden;Crustáceos de diez patas como cangrejos, langostas y camarones, de enorme relevancia comercial y ecológica
Stomatopoda;Hoplocarida;Orden;Crustáceos marinos agresivos apodados camarones mantis, célebres por sus golpes rápidos y visión ultrapotente
Acerentomata;Protura;Orden;Pequeños hexápodos primitivos (proturos) ciegos, sin antenas, que utilizan sus patas delanteras como guías
Poduromorpha;Collembola;Orden;Colémbolos de cuerpo robusto y rechoncho, comunes en la hojarasca húmeda y el suelo profundo
Entomobryomorpha;Collembola;Orden;Colémbolos alargados de patas y antenas largas, capaces de dar grandes saltos usando su fúrcula
Neelipleona;Collembola;Orden;Diminutos colémbolos de cuerpo globular y antenas extremadamente cortas, habitantes del suelo y humus
Symphypleona;Collembola;Orden;Colémbolos de aspecto redondo con cabeza grande, conocidos por sus saltos en la vegetación superficial
Archaeognatha;Apterygota*;Orden;Insectos sin alas primitivos llamados pececillos de cobre, capaces de saltar doblando su abdomen
Zygentoma (Thysanura);Apterygota*;Orden;Insectos ápteros aplastados como los pececillos de plata, comunes en hogares y bibliotecas viejas
Ephemeroptera;Paleoptera*;Orden;Efímeras, insectos acuáticos cuyos adultos alados viven apenas unas horas dedicados solo a reproducirse
Odonata;Paleoptera*;Orden;Libélulas y caballitos del diablo, depredadores aéreos formidables con ojos compuestos gigantescos y alas independientes
Plecoptera;Polyneoptera;Orden;Insectos cuyas ninfas acuáticas respiran por branquias y los adultos son malos voladores riparios
Orthoptera;Polyneoptera;Orden;Saltamontes, grillos y langostas, caracterizados por patas traseras adaptadas para el salto y canto estridulante
Phasmatodea;Polyneoptera;Orden;Insectos palo e insectos hoja, maestros del camuflaje críptico imitando ramas y follaje vegetal
Blattodea*;Polyneoptera;Orden;Cucarachas e insectos sociales como las termitas, adaptados a procesar detritos orgánicos y madera
Mantodea*;Polyneoptera;Orden;Mantis religiosas, insectos depredadores con patas delanteras raptoras especializadas en emboscar presas vivas
Embioptera;Polyneoptera;Orden;Tejedores de seda, insectos que producen seda con glándulas en sus patas delanteras ensanchadas
Zoraptera;Polyneoptera;Orden;Insectos diminutos y gregarios que habitan bajo cortezas de troncos en descomposición en zonas tropicales
Dermaptera;Polyneoptera;Orden;Tijeretas, insectos con pinzas cercos al final del abdomen usadas para defensa y despliegue alar
Psocodea;Paraneoptera;Orden;Piojos de los libros de vida libre y piojos parásitos verdaderos de aves y mamíferos
Thysanoptera;Paraneoptera;Orden;Trips, insectos diminutos de alas plumosas que succionan savia y transmiten virus a plantas
Hemiptera;Paraneoptera;Orden;Chinches, pulgones y cigarras, caracterizados por un pico succionador para extraer fluidos de plantas o animales
Megaloptera;Holometabola;Orden;Insectos de alas grandes con larvas acuáticas depredadoras temibles llamadas patudos o hellgrammites
Neuroptera;Holometabola;Orden;Crisopas y hormigas león, insectos con alas reticuladas cuyas larvas son voraces cazadoras de pulgones
Coleoptera;Holometabola;Orden;Escarabajos, el orden animal más diverso, con alas anteriores modificadas en estuches rígidos (élitros)
Strepsiptera;Holometabola;Orden;Curiosos insectos parásitos extremos donde las hembras carecen de alas y viven dentro de otros insectos
Trichoptera;Holometabola;Orden;Insectos parecidos a polillas cuyas larvas acuáticas construyen refugios protectores cilíndricos de piedrecitas
Lepidoptera;Holometabola;Orden;Mariposas y polillas, con alas cubiertas de escamas coloreadas y una probóscide espiralada para libar
Hymenoptera;Holometabola;Orden;Abejas, avispas y hormigas; insectos con alas membranosas, muchos de ellos con sociedades complejas organizadas
Mecoptera;Holometabola;Orden;Moscas escorpión, insectos con una cabeza alargada en forma de pico y genitales masculinos curvados
Diptera;Holometabola;Orden;Moscas y mosquitos, caracterizados por poseer solo dos alas funcionales y dos balancines para estabilizar el vuelo
Siphonaptera;Holometabola;Orden;Pulgas, insectos parásitos hematófagos sin alas, aplanados lateralmente y excelentes saltadores de hospedadores
Scolopendromorpha;Pleurostigmophora;Orden;Escolopendras, ciempiés grandes y veloces provistos de potentes pinzas venenosas para cazar presas
Julida;Chilognatha;Orden;Milpiés cilíndricos herbívoros de cuerpo duro que se enrollan en espiral cuando se sienten amenazados
Xiphosura;Merostomata;Orden;Cangrejos herradura o cacerolas de las Molucas, fósiles vivientes marinos con un caparazón en herradura
Scorpiones;Arachnida;Orden;Escorpiones, arácnidos depredadores con pedipalpos en forma de pinza y una cola con aguijón venenoso
Araneae;Arachnida;Orden;Arañas, depredadoras terrestres con hileras que producen seda y quelíceros inyectores de veneno digestivo
Opiliones;Arachnida;Orden;Segadores o murgaños, arácnidos de patas larguísimas y cuerpo compacto sin estrechamiento entre sus segmentos
 Mesostigmata;Parasitiformes;Orden;Ácaros depredadores y parásitos que poseen un par de estigmas respiratorios en los lados del cuerpo
Ixodida;Parasitiformes;Orden;Garrapatas, ácaros hematófagos grandes que parasitan vertebrados y transmiten peligrosas enfermedades infecciosas
Trombidiformes;Acariformes;Orden;Ácaros muy diversos que incluyen desde especies terrestres aterciopeladas rojas hasta los diminutos ácaros del polvo
Sarcoptiformes;Acariformes;Orden;Ácaros que incluyen a los oribátidos del suelo y al parásito causante de la sarna humana
Pantopoda;Pycnogonida;Orden;Arañas de mar, quelicerados marinos con cuerpos tan reducidos que sus órganos entran en sus patas
Forcipulatida;Asteroidea;Orden;Estrellas de mar que poseen pedicelarios con pinzas móviles sobre pedúnculos para limpiar su superficie
Amphilepidida;Ophiuroidea;Orden;Ofiuras marinas de brazos delgados y articulados que se mueven independientemente del disco central
Arbacioida;Echinoidea;Orden;Erizos de mar regulares con espinas robustas, comunes en fondos rocosos de costas someras
Dendrochirotida;Holothuroidea;Orden;Pepinos de mar filtradores que poseen vistosos tentáculos ramificados como árboles alrededor de su boca
Amphioxiformes;Leptocardii ;Orden;Anfioxos, pequeños cordados invertebrados pisciformes que representan los planos anatómicos básicos de los vertebrados
Phlebobranchia;Ascidiacea;Orden;Ascidias solitarias o coloniales marinas con una cesta branquial provista de vasos longitudinales internos
Pyrosomatida;Thaliacea;Orden;Pirosomas, colonias tubulares flotantes de tunicados bioluminiscentes que navegan a la deriva en alta mar
Doliolida;Thaliacea;Orden;Pequeños tunicados planctónicos transparentes con forma de barril y bandas musculares circulares completas
Copelata;Appendicularia;Orden;Tunicados apendicularios que conservan su cola de renacuajo de adultos y fabrican casas de moco filtradoras
Mixiniformes;Mixini;Orden;Mixinos o peces bruja, vertebrados primitivos ciegos y sin mandíbulas que producen abundante moco defensivo
 Petromyzontiformes;Petromyzonti;Orden;Lampreas, peces sin mandíbulas con una boca circular llena de dientes córneos para parasitar otros peces
Cephalaspida†; Cephalaspidomorphi†;Orden;Peces acorazados extintos sin mandíbulas (ostracodermos) que poseían un escudo cefálico plano y óseo
Arthrodira†;Placodermi†;Orden;Peces con mandíbula extintos (placodermos) con armaduras óseas articuladas en la cabeza y el tórax
Acanthodiformes†;Acanthodii†;Orden;Tiburones espinosos extintos, peces antiguos con espinas rígidas sosteniendo cada una de sus aletas
Lamniformes;Galeomorphi;Orden;Tiburones Corpulentos con aleta anal como el gran tiburón blanco y el temible tiburón mako
Carcharhiniformes;Galeomorphi;Orden;El orden más grande de tiburones modernos, con membrana nictitante, como el tiburón tigre
Orectolobiformes;Galeomorphi;Orden;Tiburones alfombra y nodriza, de hábitos bentónicos, que incluye también al gigantesco tiburón ballena
Squatiniformes;Squalomorphi;Orden;Tiburones ángel, con cuerpos aplanados similares a rayas adaptados para camuflarse en fondos arenosos
Myliobatiformes;Batoidea (Batomorphii);Orden;Rayas de aguijón, mantarrayas y rayas águila, caracterizadas por aletas pectorales anchas para volar nadando
Rajiformes;Batoidea (Batomorphii);Orden;Rayas verdaderas con hocico puntiagudo y colas delgadas provistas de órganos eléctricos débiles laterales
Torpediniformes;Batoidea (Batomorphii);Orden;Rayas eléctricas o tembladeras, capaces de generar fuertes descargas eléctricas para aturdir presas y defenderse
Chimaeriformes;Holocephali;Orden;Quimeras o peces rata, condrictios de aguas profundas con aspecto extraño y una espina dorsal venenosa
Polypteriformes;Cladistii;Orden;Peces africanos primitivos con pulmones funcionales y una hilera de pequeñas aletas dorsales independientes
Acipenseriformes; Chondrostei;Orden;Peces actinopterigios primitivos que incluyen a los esturiones y pejespatas, conocidos por sus valiosas huevas (caviar).
 Amiiformes;Holostei;Orden;Peces representados hoy solo por el amia, capaces de respirar aire atmosférico en aguas estancadas
Lepisosteiformes;Holostei;Orden;Peces fósiles vivientes conocidos como pejeslagartos, con cuerpos alargados, hocicos prominentes y escamas ganoides duras
Osteoglossiformes;Telostei;Orden;Peces con lenguas óseas provistas de dientes, como el gigantesco pirarucú amazónico o el pez mariposa
Clupeiformes;Telostei;Orden;Peces forrajeros plateados de enorme importancia económica mundial, como las sardinas, arenques y anchovetas
     Characiformes;Telostei;Orden;Peces de agua dulce con dientes bien desarrollados y aleta adiposa, que incluyen a pirañas y tetras
Salmoniformes;Telostei;Orden;Peces eurihalinos como salmones y truchas, famosos por sus migraciones reproductivas desde el mar a ríos
Cypriniformes;Telostei;Orden;Grupo masivo de peces de agua dulce que incluye a las carpas, barbos y los populares peces dorados
Gymnotiformes;Telostei;Orden;Peces eléctricos de agua dulce, alargados y sin aleta dorsal, como las anguilas eléctricas de Sudamérica
Siluriformes;Telostei;Orden;Peces gato o bagres, caracterizados por la presencia de barbillas sensoriales alrededor de su boca filamentosa
Blenniiformes;Telostei;Orden;Pequeños peces bentónicos conocidos como blenios, de cuerpo alargado y generalmente sin escamas visibles
Mugiliformes;Telostei;Orden;Peces costeros conocidos como lisas o múgiles, con hábitos filtradores y saltos frecuentes sobre el agua
Gobiiformes;Telostei;Orden;Peces de fondo de pequeño tamaño que incluyen a los gobios, con aletas pélvicas fusionadas como ventosa
Scombriformes;Telostei;Orden;Peces oceánicos rápidos y potentes de carne azul, como los atunes, bonitos y las caballas marinas
Carangiformes;Telostei;Orden;Peces depredadores marinos de cuerpo comprimido lateralmente, como los jureles, palometas y los peces remora
Acanthuriformes;Telostei;Orden;Peces tropicales de arrecife que agrupan a los peces cirujano, armados con espinas cortantes caudales
Coelacanthiformes;Actinistia;Orden;Celacantos, célebres peces sarcopterigios de aletas lobuladas que se creían extintos desde el Cretácico
 Ceratodontiformes;Dipnoi;Orden;Peces pulmonados capaces de sobrevivir sequías estivales enterrándose en el lodo y respirando aire puro
Anura;Lissamphibia;Orden;Anfibios sin cola en su etapa adulta, caracterizados por patas traseras adaptadas para el salto (ranas y sapos)
Caudata;Lissamphibia;Orden;Anfibios con cola como salamandras y tritones, capaces de regenerar extremidades y partes de su cuerpo
Gymnophiona;Lissamphibia;Orden;Cecilias, anfibios ciegos y cavadores sin patas, con un aspecto similar al de lombrices grandes
Sphenodontia;Lepidosauria;Orden;Reptiles lepidosaurios representados hoy únicamente por los tuátaras, endémicos y aislados de Nueva Zelanda
Squamata;Lepidosauria;Orden;El orden más grande de reptiles, que incluye a los lagartos, serpientes y anfisbenas de piel escamosa
Testudines;Testudinata;Orden;Tortugas, reptiles caracterizados por poseer un caparazón óseo rígido fusionado a sus costillas y vértebras
Crocodylia;Archosauria;Orden;Grandes reptiles semiacuáticos depredadores que incluyen a cocodrilos, caimanes, aligátores y gaviales modernos
Ornithischia†;Dinosauria†;Orden;Dinosaurios herbívoros con cadera de ave extintos, como el Triceratops y el acorazado Stegosaurus
Saurischia†;Dinosauria†;Orden;Dinosaurios con cadera de lagarto, linaje que incluye a los gigantes saurópodos, los terópodos carnívoros y las aves
Struthioniformes;Paleognathae;Orden;Aves paleognatas corredoras no voladoras de gran tamaño, representadas actualmente por los avestruces africanos
Casuariiformes;Paleognathae;Orden;Grandes aves paleognatas de Australasia no voladoras, que agrupan a los esquivos casuarios y emúes
Rheiformes;Paleognathae;Orden;Aves corredoras sudamericanas no voladoras, similares al avestruz pero más pequeñas, conocidas como ñandúes
Tinamiformes;Paleognathae;Orden;Tinamúes o perdices americanas, aves paleognatas que, a diferencia del resto, sí conservan la capacidad de volar.
Apterygiformes;Paleognathae;Orden;Kiwis, aves nocturnas no voladoras de Nueva Zelanda con un agudo sentido del olfato
Galliformes;Galloanserae;Orden;Aves terrestres de pico robusto que incluyen a gallinas, pavos, codornices, perdices y faisanes comunes
Anseriformes;Galloanserae;Orden;Aves acuáticas con patas palmeadas y picos aplanados para filtrar comida, como patos, gansos y cisnes
Sphenisciformes;Aequornithes;Orden;Pingüinos, aves marinas no voladoras de los mares australes cuyas alas evolucionaron en potentes aletas natatorias
Pelecaniformes;Aequornithes;Orden;Aves acuáticas medianas y grandes que incluyen a los pelícanos, garzas, espátulas e ibis zancudos
Suliformes;Aequornithes;Orden;Aves marinas planeadoras provistas de sacos gulares, como los alcatraces, cormoranes y las fragatas
Procellariiformes;Aequornithes;Orden;Aves oceánicas de alta mar con fosas nasales tubulares, como los albatros, petreles y pardelas
Ciconiformes;Aequornithes;Orden;Cigüeñas, grandes aves zancudas de cuello y patas largas que habitan principalmente zonas húmedas terrestres
Charadriiformes;Neoaves;Orden;Grupo diverso de aves costeras y marinas que abarca gaviotas, frailecillos, chorlitos y limícolas
Opisthocomiformes;Neoaves;Orden;Representado únicamente por el hoatzín, extraña ave amazónica cuyas crías poseen garras en las alas
Columbiformes;Columbimorphae;Orden;Palomas y tórtolas, aves de cuerpo robusto y cabeza pequeña adaptadas a una dieta granívora
Podicipediformes;Mirandornithes ;Orden;Somormujos y zambullidores, aves acuáticas buceadoras de patas lobuladas situadas muy atrás del cuerpo
 Phoenicopteriformes;Mirandornithes ;Orden;Flamencos, aves zancudas de plumaje rosado con picos curvados especializados en filtrar microorganismos salinos
Ralliformes;Gruiformes;Orden;Aves de humedal que incluyen rascotes, fochas y calamones, de cuerpos comprimidos para andar entre juncos
Apodiformes  ;Strisores;Orden;Aves de vuelo rápido y patas diminutas que agrupan a los veloces vencejos y coloridos colibríes
Caprimulgiformes ;Strisores;Orden;Aves nocturnas e insectívoras de plumaje críptico y bocas anchas, como los chotacabras y podargos
Cuculiformes;Otidimorphae ;Orden;Cucos y correcaminos, aves arborícolas o terrestres famosas por el parasitismo de puesta de muchas especies
Falconiformes;Telluraves;Orden;Halcones y caracaras, aves rapaces diurnas adaptadas al vuelo acrobático de alta velocidad para cazar
Accipitriformes;Telluraves;Orden;La mayoría de aves rapaces diurnas, como águilas, buitres, gavilanes y secretarios de garras poderosas
Strigiformes;Telluraves;Orden;Rapaces nocturnas de ojos grandes frontales, vuelo silencioso y oído ultra desarrollado (búhos y lechuzas)
Psitaciformes;Telluraves;Orden;Loros, guacamayos y cacatúas, aves de picos ganchudos y gran inteligencia, capaces de imitar sonidos
Coraciformes;Telluraves;Orden;Aves coloridas de picos fuertes que agrupan a martines pescadores, abejarucos y coloridos momotos
Trogoniformes  ;Telluraves;Orden;Trógonos y quetzales, aves tropicales de plumajes deslumbrantes y colas largas que habitan bosques densos
Piciformes;Telluraves;Orden;Pájaros carpinteros y tucanes, caracterizados por pies zigodáctilos adaptados para trepar troncos de árboles
Passeriformes;Telluraves;Orden;Pájaros cantores, el orden más grande de aves, con pies adaptados para percharse en las ramas
Monotremas;Prototheria;Orden;Mamíferos primitivos que ponen huevos pero alimentan a sus crías con leche, como el ornitorrinco.
Didelphimorpha;Marsupialia;Orden;Marsupiales americanos que incluyen a las zarigüeyas o tlacuaches, de cola prensil y hábitos omnívoros
 Diprotodontia;Marsupialia;Orden;Marsupiales australianos con dos incisivos prominentes inferiores, como canguros, koalas y wombats de pastoreo
Proboscidea;Afrotheria;Orden;Elefantes, mamíferos placentarios de gran tamaño provistos de una trompa muscular larga y colmillos de marfil
Sirenia ;Afrotheria;Orden;Mamíferos acuáticos herbívoros dóciles de movimientos lentos, representados hoy por los manatíes y dugongos
Pilosa;Xenarthra;Orden;Mamíferos placentarios americanos adaptados a dietas específicas o lentas, como los osos hormigueros y perezosos
Cingulata;Xenarthra;Orden;Armadillos, mamíferos caracterizados por una coraza dorsal formada por placas óseas articuladas móviles
Dermoptera;Euarchontoglires;Orden;Lémures voladores o colugos, mamíferos planeadores del sudeste asiático con membranas que unen sus extremidades
Lagomorpha;Euarchontoglires;Orden;Conejos, liebres y picas, mamíferos herbívoros con dos pares de incisivos superiores de crecimiento continuo
Rodentia;Euarchontoglires;Orden;Roedores, el orden más numeroso de mamíferos, caracterizados por un solo par de incisivos afilados
Primates;Euarchontoglires;Orden;Mamíferos de cerebros complejos, manos prensiles con uñas y visión estereoscópica; incluye a los humanos
Scandentia;Euarchontoglires;Orden;Tupayas o musarañas arborícolas de Asia, mamíferos pequeños similares a ardillas con hábitos diurnos activos
Eulipotyphla;Laurasiatheria;Orden;Pequeños mamíferos insectívoros de metabolismos rápidos, como musarañas, erizos de tierra y topos subterráneos
Chiroptera;Laurasiatheria;Orden;Murciélagos, los únicos mamíferos placentarios capaces de mantener un vuelo batido y controlado mediante ecolocalización
Artiodactyla;Laurasiatheria;Orden;Mamíferos con pezuñas de dedos pares, que incluye a ciervos, vacas, cerdos, camellos, hipopótamos y ballenas
Perissodactyla;Laurasiatheria;Orden;Mamíferos ungulados con un número impar de dedos en sus pezuñas, como caballos, cebras, tapires y rinocerontes
Pholidota  ;Laurasiatheria;Orden;Pangolines, mamíferos cubiertos de grandes escamas queratínicas que se enrollan en bola para defenderse
Carnivora;Laurasiatheria;Orden;Mamíferos especializados en la depredación con dientes carnasiales, como felinos, cánidos, osos y focas marinas
Zygoptera;Odonata;Suborden;Caballitos del diablo; odonatos de cuerpos estilizados que repliegan sus alas juntas sobre el abdomen al posarse
Epiprocta;Odonata;Suborden;Suborden que agrupa a las libélulas verdaderas y al rarísimo fósil viviente Epiophlebia
Caelifera;Orthoptera;Suborden;Saltamontes y langostas terrestres, caracterizados por antenas cortas y un órgano auditivo en el abdomen
Ensifera;Orthoptera;Suborden;Grillos y saltamontes de antenas largas, con hembras provistas de un largo ovipositor en forma de espada
Timematodea;Phasmatodea;Suborden;El linaje más primitivo de insectos palo, pequeños y nativos de Norteamérica occidentales
Euphasmatodea;Phasmatodea;Suborden;El grupo principal de insectos palo y hoja modernos, maestros del camuflaje críptico vegetal
Trogiomorpha;Psocodea;Suborden;Psocópteros primitivos con antenas largas de muchos segmentos, comunes en cuevas y nidos de aves
Psocomorpha;Psocodea;Suborden;El grupo más grande de piojos de los libros, con antenas de pocos segmentos muy especializados
Troctomorpha ;Psocodea;Suborden;Suborden de psocópteros que evolutivamente dio origen a los piojos parásitos de animales
Terebrantia;Thysanoptera;Suborden;Trips cuyas hembras poseen un ovipositor en forma de sierra para insertar huevos en tejidos vegetales
Tubulifera;Thysanoptera;Suborden;Trips caracterizados por un abdomen que termina en forma de tubo alargado y carecen de ovipositor aserrado
Heteroptera;Hemiptera;Suborden;Chinches verdaderas, con alas anteriores divididas (hemélitros) y glándulas que a menudo emiten olores fuertes
Sternorrhyncha;Hemiptera;Suborden;Hemípteros chupadores de savia como pulgones y cochinillas, con el pico naciendo casi entre sus patas delanteras
Auchenorrhyncha*;Hemiptera;Suborden;Cigarras y saltahojas, insectos productores de sonido con antenas cortas en forma de filamento
Mixophaga;Coleoptera;Suborden;Pequeño suborden de escarabajos acuáticos o semiacuáticos que se alimentan exclusivamente de algas y detritos
Adephaga;Coleoptera;Suborden;Escarabajos depredadores terrestres y acuáticos con glándulas defensivas químicas, como los carábidos y escarabajos buceadores
Polyphaga;Coleoptera;Suborden;El suborden más masivo de escarabajos, con hábitos alimenticios sumamente diversos y patas traseras articuladas móviles
Zeugloptera;Lepidoptera;Suborden;Polillas primitivas vivientes cuyas mandíbulas funcionales les permiten masticar polen en lugar de succionar néctar
Glossata;Lepidoptera;Suborden;El gran linaje de mariposas y polillas que poseen una probóscide enrollable (espiritrompa) para succionar líquidos
Symphyta;Hymenoptera;Suborden;Moscas de sierra, himenópteros primitivos cuyas larvas parecen orugas y carecen de la cintura de avista
Apocrita;Hymenoptera;Suborden;Avispas, abejas y hormigas, caracterizados por una estrecha cintura (pecíolo) entre el tórax y abdomen
Nematocera*;Diptera;Suborden;Dípteros primitivos de cuerpos estilizados y antenas largas, como los mosquitos y las típicas típulas
Brachycera;Diptera;Suborden;Moscas modernas de cuerpos robustos y antenas muy cortas, como la mosca doméstica y los tábanos
Gekkota;Squamata;Suborden;Geckos y lagartijas arborícolas, famosos por sus almohadillas adhesivas digitales y vocalizaciones nocturnas únicas
Laterata;Squamata;Suborden;Lagartos de cuerpo cilíndrico que incluyen a los lagartos de pared y a las exóticas lagartijas de cola larga
Toxicofera;Squamata;Suborden;Clado que une a reptiles que producen toxinas o veneno, como serpientes, iguanas y monstruos de Gila
Cryptodira;Testudines;Suborden;Tortugas que esconden su cuello retrayéndolo verticalmente hacia el interior de su caparazón óseo protector
Pleurodira;Testudines;Suborden;Tortugas que doblan su largo cuello de forma lateral para proteger la cabeza bajo el caparazón
 Acanthisitti;Passeriformes;Suborden;El linaje más antiguo y basal de las aves paseriformes vivientes
 Eupasseres;Passeriformes;Suborden;Clado que contiene a la inmensa mayoría de los pájaros del mundo, divididos en tiranos y paseriformes cantores
Vermilingua;Pilosa;Suborden;Osos hormigueros, mamíferos desdentados con hocicos tubulares largos y lenguas pegajosas especializadas en mirmecofagia
Folivora;Pilosa;Suborden;Perezosos, mamíferos arborícolas neotropicales de movimientos sumamente lentos y dietas basadas en hojas de árboles
Sciuromorpha;Rodentia;Suborden;Roedores que incluyen a las ardillas, lirones y marmotas, con una musculatura mandibular especializada para roer
Castorimorpha;Rodentia;Suborden;Roedores semiacuáticos o subterráneos que abarcan a los castores, ratas canguro y taltuzas americanas
Myomorpha;Rodentia;Suborden;El grupo más grande de roedores, que incluye a ratones, ratas, hámsteres y jerbos de distribución mundial
Hystricomorpha ;Rodentia;Suborden;Roedores que agrupan a puercoespines, capibaras, cobayas y chinchillas, de mandíbulas anchas muy particulares
Strepsirrhini  ;Primates;Suborden;Primates de nariz húmeda y ojos grandes orientados a la vida nocturna, como los lémures y gálagos
Haplorrhini;Primates;Suborden;Primates de nariz seca, con cerebros más desarrollados y visión cromática compleja, que incluye a los simios
Yangochiroptera;Chiroptera;Suborden;Suborden de murciélagos compuesto principalmente por especies microquirópteras expertas en la ecolocalización de insectos
Ruminantia;Artiodactyla;Suborden;Herbívoros con estómagos de cuatro cámaras que rumian el alimento, como vacas, ovejas, ciervos y jirafas
Tylopoda;Artiodactyla;Suborden;Camelidos como camellos, dromedarios, llamas y alpacas, que poseen almohadillas acolchadas en lugar de pezuñas duras
Whippomorpha;Artiodactyla;Suborden;Clado evolutivo que reúne de forma exclusiva a los hipopótamos con los cetáceos
Suina;Artiodactyla;Suborden;Mamíferos artiodáctilos de hocicos cartilaginosos planos y estómagos simples, representados por cerdos y pecaríes
Feliformia;Carnivora;Suborden;Carnívoros con anatomía craneal felina, grupo que incluye a gatos, hienas, mangostas, civetas y suricatas
Caniformia;Carnivora;Suborden;Carnívoros con hocicos alargados y garras no retráctiles, como perros, osos, nutrias, mapaches y focas
Anisozygoptera;Epiprocta;Infraorden;Antiguo suborden de odonatos que combina rasgos de libélulas y caballitos del diablo
Anisoptera;Epiprocta;Infraorden;Libélulas verdaderas, voladoras expertas con alas robustas que se mantienen extendidas horizontalmente al posarse
Phthiraptera (Mallophaga + Anoplura);Troctomorpha;Infraorden;Piojos parásitos obligados de aves y mamíferos, modificados evolutivamente perdiendo sus alas
Gerromorpha;Heteroptera;Infraorden;Chinches acuáticas conocidas como zapateros, adaptadas a caminar sobre la película superficial del agua
Nepomorpha;Heteroptera;Infraorden;Chinches acuáticas buceadoras, la mayoría depredadoras voraces con antenas cortas ocultas bajo la cabeza
Pentatomorpha;Heteroptera;Infraorden;Chinches terrestres fitófagas de cuerpos robustos, que incluyen a las chinches de escudo o hediondas
Cimicomorpha;Heteroptera;Infraorden;Chinches depredadoras o hematófagas que incluyen a las chinches de las camas y a los chinches asesinos.
Aphidomorpha;Sternorrhyncha;Infraorden;Linaje específico de pulgones y filoxeras, insectos succionadores con ciclos reproductivos complejos y alternantes
Cicadomorpha;Auchenorrhyncha*;Infraorden;Chinches saltadoras que incluye a las ruidosas cigarras y los coloridos espumadores
Fulgoromorpha;Auchenorrhyncha*;Infraorden;Chinches planthopper, caracterizadas por cabezas modificadas y antenas situadas debajo de sus ojos
Staphyliniformia;Polyphaga;Infraorden;Escarabajos con élitros cortos que dejan ver el abdomen, especializados en descomposición de materia orgánica
Scarabaeiformia;Polyphaga;Infraorden;Escarabajos robustos como los ciervos voladores y escarabajos peloteros, con antenas en forma de peine
Elateriformia;Polyphaga;Infraorden;Escarabajos que incluyen a las luciérnagas bioluminiscentes y a los elatéridos saltadores con resorte torácico
Cucujiformia ;Polyphaga;Infraorden;Inmenso clado de escarabajos predominantemente fitófagos que abarca gorgojos, mariquitas y escarabajos de antenas largas
Bostrichiformia;Polyphaga;Infraorden;Escarabajos xilófagos o destructores de productos almacenados, como la carcoma y los escarabajos de alfombra
Dacnonympha;Glossata;Infraorden;Polillas arcaicas muy pequeñas cuyas larvas son minadoras de hojas de plantas ericáceas
Exoporia;Glossata;Infraorden;Grupo antiguo de polillas grandes cuyas aperturas genitales femeninas para apareamiento y puesta están separadas externamente
Heteroneura;Glossata;Infraorden;El clado principal de lepidópteros, donde las venas de las alas anteriores y posteriores son totalmente diferentes
Proctotrupomorpha;Apocrita;Infraorden;Gran grupo de avispas parasitoides diminutas, cruciales para el control biológico natural de plagas agrícolas
Aculeata;Apocrita;Infraorden;Himenópteros donde el ovipositor femenino ha evolucionado en un aguijón para inyectar veneno (abejas y avispas)
Tipulomorpha;Nematocera*;Infraorden;Moscas del grupo de los nematóceros que incluye a las típulas gigantes de patas larguísimas y frágiles
Psychodomorpha;Nematocera*;Infraorden;Mosquitas de la humedad y jejenes, pequeños dípteros peludos asociados a ambientes húmedos o drenajes
Culicomorpha;Nematocera*;Infraorden;Dípteros que incluyen a los mosquitos verdaderos y simúlidos, muchos de ellos vectores de graves enfermedades parasitarias
Bibionomorpha;Nematocera*;Infraorden;Moscas de las setas y mosquitos de las agallas, cuyas larvas suelen alimentarse de hongos o plantas
Tabanomorpha;Brachycera;Infraorden;Moscas grandes y robustas con larvas acuáticas y hembras hematófagas, como los molestos tábanos de campo
Muscomorpha;Brachycera;Infraorden;El grupo más avanzado de moscas, cuyas larvas carecen de cabeza diferenciada (larvas de gusano)
Amphisbaenia;Laterata;Infraorden;Culebrillas ciegas, reptiles escamosos subterráneos de cuerpo alargado y anillado que carecen de patas utilizables
 Teiioidea;Laterata;Infraorden;Lagartos americanos activos como los tegús y las lagartijas de cola látigo de movimientos veloces
Iguania;Toxicofera;Infraorden;Lagartos arborícolas y terrestres que incluyen iguanas, camaleones y lagartos cornudos de lenguas carnosas
Anguimorpha;Toxicofera;Infraorden;Reptiles diversos que abarcan desde los varanos y el dragón de Komodo hasta los lagartos de cristal ápteros
Serpentes;Toxicofera;Infraorden;Serpientes, reptiles ápteros de cuerpo alargado con mandíbulas sumamente flexibles adaptadas para tragar presas enteras
Chelonioidea;Cryptodira;Infraorden;Tortugas marinas con extremidades modificadas en aletas natatorias que pasan toda su vida en el océano
Testudinoidea;Cryptodira;Infraorden;Agrupa a las tortugas terrestres verdaderas y a los galápagos de agua dulce
 Cheloidea;Pleurodira;Infraorden;Grupo filogenético de tortugas pleurodiras de agua dulce, nativas del hemisferio sur con cuellos alargados
 Pelomedusoidea;Pleurodira;Infraorden;Tortugas de cuello lateral de agua dulce, abundantes en ríos y lagunas de África y Sudamérica
Tyranni;Eupasseres;Infraorden;Paseriformes suboscinos dominantes en América, con siringes sencillas y cantos innatos, como los atrapamoscas
Passeri;Eupasseres;Infraorden;Pájaros cantores verdaderos u oscinos, con siringes complejas que les permiten aprender y modular cantos elaborados
Lemuriformes;Strepsirrhini  ;Infraorden;Infraorden de primates strepsirrinos endémicos de la isla de Madagascar, con colas largas y comportamiento social variado
Tarsiiformes;Haplorrhini;Infraorden;Tarseros, pequeños primates asiáticos nocturnos de ojos gigantescos fijos y asombrosa capacidad de salto
Simiiformes;Haplorrhini;Infraorden;Monos del Nuevo y Viejo Mundo junto a los simios antropomorfos y los seres humanos
Ancodonta;Whippomorpha;Infraorden;Grupo extinto de artiodáctilos que incluye a los antracotéridos, ancestros evolutivos directos de los hipopótamos
Cetacea ;Whippomorpha;Infraorden;Mamíferos marinos totalmente adaptados a la vida acuática, como delfines, ballenas, cachalotes y marsopas
Musteloidea;Caniformia;Infraorden;Carnívoros caniformes pequeños a medianos que agrupa a comadrejas, tejones, mofetas y mapaches
Pinnipedia;Caniformia;Infraorden;Carnívoros acuáticos con extremidades transformadas en aletas, representados por las focas, leones marinos y morsas
Termitoidae (Isoptera);Blattodea*;Superfamilia;Termitas; insectos sociales eusociales que digieren madera gracias a simbiontes y construyen grandes nidos coloniales
Amblycera;Phthiraptera (Mallophaga + Anoplura);Superfamilia;Piojos masticadores muy móviles que parasitan aves y mamíferos, alimentándose de plumas, descamaciones y sangre
Ishnocera;Phthiraptera (Mallophaga + Anoplura);Superfamilia;Piojos masticadores aviares y de mamíferos con antenas filiformes que se anclan fuertemente a las plumas de sus huéspedes
Trichodectera;Phthiraptera (Mallophaga + Anoplura);Superfamilia;Grupo especializado de piojos masticadores que parasitan exclusivamente a mamíferos placentarios, como cánidos y ungulados
Anoplura;Phthiraptera (Mallophaga + Anoplura);Superfamilia;Piojos chupadores verdaderos, parásitos hematófagos exclusivos de mamíferos que incluyen a las especies que afectan a humanos
Aleyrodoidea;Sternorrhyncha;Superfamilia;uperfamilia que contiene a las moscas blancas, diminutos insectos plaga que succionan la savia de los cultivos
Aphidoidea;Aphidomorpha;Superfamilia;Pulgones o áfidos verdaderos, insectos chupadores que producen melaza y forman densas colonias en brotes tiernos
Phylloxeroidea;Aphidomorpha;Superfamilia;Grupo filogenético cercano a los pulgones que incluye a la filoxera, destructora histórica de raíces de vid
Coccoidea;Sternorrhyncha;Superfamilia;Cochinillas y escarabajos de la escama; las hembras suelen ser sésiles y están protegidas por cubiertas cerosas
Hydrophiloidea;Staphyliniformia;Superfamilia;Escarabajos predominantemente acuáticos o carroñeros, reconocibles por sus largos palpos maxilares que parecen antenas
Staphylinoidea;Staphyliniformia;Superfamilia;Gran grupo de escarabajos de élitros cortos y cuerpos flexibles, comunes en materia orgánica en descomposición
Scarabaeoidea;Scarabaeiformia;Superfamilia;Escarabajos robustos con antenas lameladas, como los escarabajos rinoceronte, ciervos voladores y los peloteros sagrados
Buprestoidea;Elateriformia;Superfamilia;Escarabajos joya, caracterizados por sus cuerpos rígidos con deslumbrantes e intensos colores metálicos estructurales
Elateroidea;Elateriformia;Superfamilia;Incluye a los elatéridos (capaces de saltar con un clic torácico) y a las familias de luciérnagas nocturnas
Byrrhoidea;Elateriformia;Superfamilia;Escarabajos pequeños de forma ovalada, conocidos como escarabajos píldora, que habitan musgos y zonas riparias
Chrysomeloidea;Cucujiformia ;Superfamilia;Escarabajos fitófagos de antenas largas que incluyen a los escarabajos de las hojas y a los cerambícidos barrenadores
Cucujoidea;Cucujiformia ;Superfamilia;Superfamilia muy diversa de escarabajos pequeños que incluye a las conocidas mariquitas depredadoras de pulgones
Curculionoidea;Cucujiformia ;Superfamilia;Gorgojos, caracterizados por sus cabezas prolongadas en un rostro o pico con el que perforan semillas
Tenebrionoidea;Cucujiformia ;Superfamilia;Escarabajos adaptados a ambientes áridos y productos almacenados, como el conocido escarabajo de la harina
Bostrichoidea;Bostrichiformia;Superfamilia;Escarabajos xilófagos cuyas larvas perforan y dañan gravemente la madera estructural y los muebles viejos
Eriocranioidea;Dacnonympha;Superfamilia;Polillas primitivas cuyas larvas son minadoras de hojas y los adultos poseen mandíbulas vestigiales no funcionales
Hepialoidea;Exoporia;Superfamilia;Polillas fantasmas, insectos nocturnos grandes cuyas larvas barrenan raíces y los adultos carecen de espiritrompa
Tineoidea;Heteroneura;Superfamilia;Polillas de la ropa y aliadas, cuyas larvas tejen estuches protectores de seda y restos orgánicos
Yponomeutoidea;Heteroneura;Superfamilia;Polillas armiño, conocidas por las densas redes de seda comunales que tejen sus larvas en los árboles
Gracillarioidea;Heteroneura;Superfamilia;Pequeñas polillas cuyas larvas aplanadas realizan intrincadas minas y galerías dentro de los tejidos de las hojas
Gelechioidea;Heteroneura;Superfamilia;Una de las mayores superfamilias de microlepidópteros, con larvas que enrollan u ocultan hojas para alimentarse
Cossoidea;Heteroneura;Superfamilia;Polillas carpinteras grandes y pesadas; sus larvas pasan años excavando galerías en la madera de troncos vivos
Tortricoidea;Heteroneura;Superfamilia;Polillas enrolladoras de hojas, cuyas larvas dañan brotes agrícolas y frutales protegiéndose dentro del follaje trenzado
Pyraloidea;Heteroneura;Superfamilia;Polillas de los prados y almacenes, un grupo inmenso que incluye plagas del grano y polillas de cera
Bombycoidea;Heteroneura;Superfamilia;Polillas gigantescas y peludas que incluyen al gusano de la seda y a las espectaculares polillas halcón
Noctuoidea;Heteroneura;Superfamilia;El grupo más masivo de polillas nocturnas, muchas de cuyas larvas (gusanos cogolleros) son plagas agrícolas severas
Geometroidea;Heteroneura;Superfamilia;Polillas cuyas larvas se desplazan arqueando el cuerpo como si midieran el terreno a palmos (orugas medidoras)
Papilionoidea;Heteroneura;Superfamilia;El clado que reúne a todas las mariposas diurnas verdaderas, de colores vistosos y antenas terminadas en maza
Siricoidea;Symphyta;Superfamilia;Avispas de la madera gigantes, cuyas hembras taladran troncos con su largo ovipositor para poner huevos
Tenthredinoidea;Symphyta;Superfamilia;Moscas de sierra comunes; himenópteros fitófagos cuyas larvas gregarias devoran activamente el follaje de plantas
Evanioidea;Apocrita;Superfamilia;Avispas bandera, parasitoides de ootecas de cucarachas, caracterizadas por un abdomen diminuto levantado como bandera
Ichneumonoidea;Apocrita;Superfamilia;Avispas parasitoides grandes y delgadas, cruciales en la naturaleza al regular poblaciones de otros insectos
Chalcidoidea;Proctotrupomorpha;Superfamilia;Avispas avispitas diminutas, en su mayoría parasitoides de huevos o larvas de insectos plaga agrícolas
Platygastroidea;Proctotrupomorpha;Superfamilia;Pequeñas avispas parasitoides endofíticas, especializadas en atacar huevos de chinches y moscas de las agallas
Vespoidea;Aculeata;Superfamilia;Avispas verdaderas, avispones y hormigas sociales, caracterizados por comportamientos complejos y construcción de nidos
Apoidea;Aculeata;Superfamilia;El linaje evolutivo que abarca a las abejas polinizadoras y a las avispas excavadoras emparentadas
Tipuloidea;Tipulomorpha;Superfamilia;Típulas o mosquitos gigantes inofensivos que no pican, de patas extremadamente largas y delgadas
Chironomoidea;Culicomorpha;Superfamilia;Quironómidos y jejenes; mosquitos cuyas larvas acuáticas rojas (gusanos de sangre) procesan detritos del fondo
Culicoidea;Culicomorpha;Superfamilia;Mosquitos verdaderos (zancudos), cuyas hembras hematófagas transmiten virus como el dengue, zika y malaria
Sciaroidea;Bibionomorpha;Superfamilia;Mosquitas de las setas y agallas de alas oscuras, comunes en sustratos húmedos e invernaderos comerciales
Tabanoidea;Tabanomorpha;Superfamilia;Tábanos y moscas de las rocas; dípteros robustos cuyas hembras cortan la piel para succionar sangre
Empidoidea;Muscomorpha;Superfamilia;Moscas danzarinas depredadoras, famosas por sus elaborados cortejos nupciales donde el macho regala presas empaquetadas
Syrphoidea;Muscomorpha;Superfamilia;Moscas cernícalo que imitan los colores de abejas y avispas (mimetismo), excelentes polinizadoras en vuelo estático
Tephritoidea;Muscomorpha;Superfamilia;Moscas de las frutas, cuyas hembras perforan frutas frescas para desovar, causando graves daños agrícolas
Opomyzoidea;Muscomorpha;Superfamilia;Pequeñas moscas de los prados y minadoras de tallos silvestres, comunes en pastizales de climas templados
Ephydroidea;Muscomorpha;Superfamilia;Moscas de la costa o de la salmuera, adaptadas a ambientes acuáticos extremos con alta salinidad
Hippoboscoidea;Muscomorpha;Superfamilia;Moscas parásitas aplanadas y coriáceas (algunas ápteras) que viven fijas chupando sangre a mamíferos y aves
Muscoidea;Muscomorpha;Superfamilia;Moscas verdaderas que incluyen a la mosca doméstica común, la mosca de los establos y aliadas
Oestroidea;Muscomorpha;Superfamilia;Moscas metalizadas, de la carne y barrosas, cuyas larvas causan miasis o se alimentan de carroña
Mysticeti  ;Cetacea ;Superfamilia;Ballenas barbadas verdaderas; cetáceos gigantes sin dientes que usan barbas de queratina para filtrar krill planctónico
Odontoceti ;Cetacea ;Superfamilia;Cetáceos con dientes, grupo inteligente que utiliza la ecolocalización y abarca a delfines, orcas, cachalotes y marsopas
Sycettidae;Leucosolenida;Familia;Esponjas calcáreas de estructura tipo siconoide, con paredes corporales plegadas en canales radiales definidos
Suberitidae;Suberitida;Familia;Familias de esponjas de la clase Demospongiae, densas y compactas, conocidas por colonizar conchas de cangrejos ermitaños
Spongiidae ;Dictyoceratida;Familia;Esponjas de esqueleto puramente córneo (espongina), tradicionalmente recolectadas por el ser humano para su uso higiénico
Hydridae; Anthoathecata;Familia;Pequeños hidrozoos dulceacuícolas solitarios (hidras) famosos por su asombrosa capacidad de regeneración celular infinita
Campanulariidae;Leptothecata;Familia;Hidrozoos coloniales cuyas diminutas copas protectoras (tecas) tienen forma de campana sostenida por un tallo
Physaliidae;Siphonophora;Familia;Familia que contiene a la famosa carabela portuguesa, una colonia flotante flotante con potentes tentáculos urticantes
Pelagiidae;Semaeostomeae;Familia;Medusas verdaderas de mar abierto de colores vivos, conocidas por sus picaduras dolorosas y filamentos urticantes
Stomolophidae;Rhizostomeae;Familia;Medusas de cuerpo firme y redondeado que incluye a la medusa bola de cañón, explotada comercialmente en Asia
Cassiopeidae;Rhizostomeae;Familia;Medusas invertidas que descansan en el fondo marino con sus tentáculos hacia arriba para fotosintetizar con algas simbiontes
Chiropsalmidae;Chirodropida;Familia;Cubomedusas de gran tamaño con potentes toxinas letales capaces de causar paros cardíacos en humanos
Actiniidae;Actiniaria;Familia;La familia más grande de anémonas de mar, con cuerpos carnosos fijados a rocas intermareales
Antipathidae;Antipatharia;Familia;Corales negros profundos con un esqueleto axial quitinoso oscuro y ramificaciones en forma de látigo o pluma
Fungiidae;Scleractinia;Familia;Corales duros solitarios conocidos como corales hongo, capaces de desplazarse libremente sobre el sustrato arenoso
Faviidae;Scleractinia;Familia;Corales pétreos coloniales macizos, habitualmente llamados corales cerebro por los sinuosos surcos de sus colonias
Poritidae;Scleractinia;Familia;Importantes corales hermatípicos constructores de arrecifes, caracterizados por poseer esqueletos porosos y formas masivas
Renillidae; Scleralcyonacea;Familia;Pensamientos de mar, colonias carnosas planas con forma de hoja que habitan fondos arenosos someros
Pennatulidae; Scleralcyonacea;Familia;Plumas de mar, colonias de cnidarios con un eje central rígido clavado en el lodo marino
Plexauridae;Malacalcyonacea;Familia;Abanicos de mar u octocorales arbóreos con un esqueleto interno flexible y corteza carnosa coloreada
Alcyoniidae;Malacalcyonacea;Familia;Corales blandos conocidos como manos de muerto, de consistencia carnosa o coriácea sin esqueleto calcáreo
Kudoidae;Multivalvulida;Familia;Mixozoos parásitos microscópicos que forman quistes en los músculos de los peces, ablandando su carne post-mortem
Beroidae;Beroida;Familia;Ctenóforos depredadores con forma de dedal que carecen de tentáculos y tragan otros ctenóforos enteros
Pleurobrachiidae;Cydippida;Familia;Ctenóforos esféricos conocidos como grosellas de mar, con dos largos tentáculos pescadores retráctiles
Sagittidae;Aphragmophora;Familia;Gusanos flecha planctónicos muy comunes, depredadores transparentes con espinas quitinosas alrededor de la boca
Philodinidae ; Philodinida;Familia;Rotíferos bdeloideos que reptan en musgos húmedos, célebres por su reproducción exclusivamente partenogenética
Brachionidae; Ploima;Familia;Rotíferos acuáticos con una coraza rígida (loriga) espinosa, ampliamente cultivados como alimento vivo en acuicultura
Notommatidae; Ploima;Familia;Rotíferos de vida libre y hábitos rapaces que habitan entre la vegetación de agua dulce
Euchlanidae; Ploima;Familia;Rotíferos transparentes con lorigas aplanadas de dos placas, comunes en charcas y aguas estancadas
Lecanidae; Ploima;Familia;Rotíferos pequeños con forma de plato o escudo, abundantes en los sedimentos bentónicos dulceacuícolas
Oligacanthorhynchidae;Oligacanthorhynchida;Familia;Gusanos acantocéfalos parásitos con probóscide ganchuda que habitan el intestino de aves y mamíferos
Notoplanidae;Polycladida;Familia;Gusanos planos marinos de cuerpo ovalado y delgado, comunes bajo rocas intermareales
Dugesiidae;Tricladida;Familia;Planarias de agua dulce comunes, caracterizadas por cabezas triangulares con llamativas manchas oculares fotorreceptoras
Gyrodactylidae;Gyrodactylidea;Familia;Monogéneos vivíparos diminutos que parasitan externamente la piel de peces, multiplicándose con gran rapidez
Capsalidae;Capsalidea ;Familia;Trematodos monogéneos planos ectoparásitos que se fijan a peces marinos grandes como atunes y rayas
Fasciolidae;Plagiorchiida;Familia;Duelas del hígado, parásitos planos que causan la fascioliasis en el ganado y seres humanos
Troglotrematidae;Plagiorchiida;Familia;Trematodos parásitos que habitan en quistes tisulares de mamíferos carnívoros y aves piscívoras
Schistosomatidae; Strigeidida;Familia;Duelas sanguíneas causantes de la esquistosomiasis, parásitos que penetran activamente la piel humana en agua dulce
Taeniidae;Cyclophyllidea;Familia;Familia de las tenias verdaderas, parásitos intestinales largos que incluyen a la solitaria del ser humano
Anoplocephalidae;Cyclophyllidea;Familia;Tenias parásitas que infectan el intestino de mamíferos herbívoros como caballos, ovejas y conejos
Chaetonotidae;Chaetonotida;Familia;Gastrotricos acuáticos diminutos cubiertos de escamas o espinas, comunes en el limo del fondo
Sipunculidae;Sipunculiformes;Familia;Gusanos cacahuate grandes de fondos arenosos marinos, con musculatura corporal fuerte dispuesta en bandas
Nereididae;Phyllodocida;Familia;Gusanos poliquetos marinos errantes conocidos como ragworms, muy utilizados por pescadores como cebo vivo
Polynoidae;Phyllodocida;Familia;Gusanos escamosos marinos, poliquetos cubiertos dorsalmente por placas protectoras superpuestas llamadas élitros
Lumbricidae;Crassiclitellata;Familia;La familia principal de lombrices de tierra comunes, vitales para el reciclaje de nutrientes del suelo
Megascolecidae;Crassiclitellata;Familia;Grandes lombrices de tierra distribuidas principalmente en Asia y Australia, algunas de tamaño gigante
Aeolosomatidae;Crassiclitellata;Familia;Diminutos gusanos acuáticos con glándulas coloreadas en la piel que se reproducen principalmente por fisión
Naididae;Tubificida;Familia;Microanélidos oligoquetos acuáticos muy diversos, comunes en sedimentos y sobre plantas de agua dulce
Glossiphoniidae;Rhynchobdellida;Familia;Sanguijuelas aplanadas de agua dulce que parasitan caracoles, anfibios o peces, cuidando activamente a sus crías
Piscicolidae;Rhynchobdellida;Familia;Sanguijuelas marinas y dulceacuícolas cilíndricas especializadas en parasitar y chupar sangre de peces
Arcidae;Arcida;Familia;Almejas arca, bivalvos marinos con conchas gruesas estriadas y sangre con hemoglobina roja
Mytilidae;Mytilida;Familia;Mejillones verdaderos, bivalvos con conchas alargadas oscuras que forman densas colonias sobre rocas costeras
Pectinidae;Pectinida;Familia;Vieiras o vieiras verdaderas, bivalvos con conchas estriadas en abanico capaces de nadar mediante propulsión
Chitonidae;Chitonida;Familia;Quitones típicos, moluscos con ocho placas dorsales articuladas que se adhieren fuertemente a rocas batidas
Fissurellidae;Lepetellida;Familia;Lapas ojo de cerradura, caracoles marinos primitivos con una abertura apical en su concha cónica
Aplysiidae;Aplysiida;Familia;Liebres de mar verdaderas, grandes babosas marinas herbívoras que expulsan tinta púrpura como defensa
Helicidae; Stylommatophora;Familia;Caracoles terrestres comunes de concha espiral, que incluyen a las especies comestibles de jardín más conocidas
Octopodidae;Octopoda;Familia;La familia principal de pulpos comunes bentónicos, famosos por sus habilidades de camuflaje e inteligencia
Loliginidae;Myopsida;Familia;Calamares costeros comunes con aletas laterales largas, de enorme importancia en la pesca comercial global
Lineidae;Heteronemertea;Familia;Gusanos de cinta nemertinos que incluyen al animal más largo del mundo (Lineus longissimus)
Discinidae;Lingulida;Familia;Braquiópodos marinos con conchas circulares oscuras fijadas a rocas mediante un corto pedúnculo
Membraniporidae;Cheilostomatida;Familia;Briozoos coloniales encostrantes que forman redes calcáreas similares a encajes sobre algas marinas flotantes
Ascaridae;Ascarida;Familia;Grandes nematodos parásitos intestinales que infectan a humanos, cerdos y otros mamíferos domésticos
Anisakidae;Ascarida;Familia;Nematodos cuyas larvas parasitan pescados marinos y causan infecciones estomacales graves si se consumen crudos
Oxyuridae;Oxyurida;Familia;Lombrices intestinales infantiles o parásitos del ano, nematodos pequeños con ciclos de contagio directo
Meloidogynidae;Tylenchida;Familia;Nematodos de las agallas, parásitos que atacan raíces de cultivos provocando nudos que dañan la planta
Trichinellidae;Trichinellida;Familia;Nematodos tisulares causantes de la triquinosis tras ingerir carne infectada con sus larvas enquistadas
Macrobiotidae;Parachela;Familia;Osos de agua (tardígrados) comunes en musgos, famosos por su extrema resistencia a condiciones ambientales hostiles
Perypatidae;Onychophora;Familia;Peripatos o gusanos de terciopelo de zonas tropicales, fósiles vivientes que cazan lanzando moco pegajoso
Cyprididae;Podocopida;Familia;La familia más grande de ostrácodos dulceacuícolas, con caparazones bivalvos lisos y nado activo
Cypridinidae;Myodocopida;Familia;Ostrácodos marinos, algunos conocidos por producir destellos de bioluminiscencia azul en el agua nocturna
Artemiidae;Anostraca;Familia;Camarones de la salmuera (Artemia), crustáceos adaptados a lagos hipersalinos cuyos huevos secos sobreviven años
Triopsidae;Notostraca;Familia;Camarones dinosaurio de agua dulce, crustáceos con un gran escudo dorsal idénticos a sus ancestros fósiles
Cyzicidae;Diplostraca;Familia;Camarones almeja, crustáceos branquiópodos con un caparazón bivalvo que encierra completamente todo su cuerpo
Daphniidae;Diplostraca;Familia;Pulgas de agua comunes, crustáceos planctónicos clave en las redes alimentarias de lagos y charcas
Cyclopidae;Cyclopoida;Familia;Copépodos dulceacuícolas muy comunes, con un solo ojo central y antenas cortas en las hembras
Calanidae;Calanoida;Familia;Copépodos marinos planctónicos abundantes, base nutricional indispensable para peces y grandes ballenas oceánicasicas
Lepadidae;Scalpellomorpha;Familia;Percebes de cuello o anatifas, crustáceos sésiles que crecen adheridos a objetos flotantes marinos
Poecilasmatidae;Scalpellomorpha;Familia;Pequeños percebes pedunculados que suelen vivir como comensales sobre el caparazón de cangrejos grandes
Pollicipedidae;Pollicipedomorpha;Familia;Percebes de gallo o percebes verdaderos, crustáceos muy valorados económicamente que habitan costas rocosas batidas
Balaninae;Balanomorpha;Familia;Bellotas de mar comunes, percebes sésiles con forma de volcán calcáreo fijados sólidamente a rocas
Tetraclitidae;Balanomorpha;Familia;Percebes sésiles de climas cálidos con conchas porosas y gruesas de color oscuro o rojizo
Chelonibiidae;Balanomorpha;Familia;Percebes especializados que viven exclusivamente adheridos al caparazón de tortugas marinas y grandes cangrejos
Gammaridae;Amphipoda;Familia;Anfípodos de agua dulce y salada conocidos como pulgas de río, con cuerpos comprimidos lateralmente
Caprellidae;Amphipoda;Familia;Camarones esqueleto, anfípodos alargados y filiformes que mimetizan algas e hidros marinos bentónicos
Hyperiidae;Amphipoda;Familia;Anfípodos marinos planctónicos que viven a menudo como parásitos o comensales dentro de medusas
Porcellionidae;Isopoda;Familia;Cochinillas de humedad comunes terrestres, crustáceos isópodos adaptados a vivir bajo piedras y hojarasca
Cirolanidae;Isopoda;Familia;Isópodos marinos carroñeros y depredadores activos, voraces limpiadores de cadáveres en el fondo oceánico
Cymothoidae;Isopoda;Familia;Isópodos parásitos externos de peces, famosos por sustituir funcionalmente la lengua de su huésped
Euphausiidae;Euphausiacea;Familia;La familia principal de krill oceánico, crustáceos parecidos a camarones que forman biomasas colosales
Palaemonidae;Decapoda;Familia;Camarones de río y de roca, crustáceos decápodos comunes con el segundo par de patas agrandado
Penaeidae;Decapoda;Familia;Langostinos y camarones comerciales grandes de fondos arenosos marinos, pilares de la industria pesquera
Platyxanthidae;Decapoda;Familia;Cangrejos de roca de caparazón ancho y pinzas poderosas, comunes en fondos litorales pedregosos
Squillidae;Stomatopoda;Familia;Galeras o mantis marinas verdaderas; crustáceos excavadores con apéndices raptores espinosos usados para capturar peces de fondo
Acerentomidae;Acerentomata;Familia;La familia más grande de proturos; diminutos hexápodos alargados del suelo que carecen por completo de antenas y ojos
Hypogastruridae;Poduromorpha;Familia;Colémbolos poduromorfos regordetes, conocidos como pulgas de la nieve cuando emergen masivamente en invierno sobre el manto blanco
Neanuridae;Poduromorpha;Familia;Colémbolos del suelo con piezas bucales modificadas para succionar fluidos de hongos o madera en descomposición húmeda
Entomobryidae;Entomobryomorpha;Familia;Colémbolos alargados y muy comunes, cubiertos de escamas o setas densas, capaces de dar saltos de gran distancia
Neelidae;Neelipleona;Familia;Minúsculos colémbolos globulares ciegos de antenas extremadamente cortas que habitan en las capas profundas del humus orgánico
Japyjidae;Diplura;Familia;Dipluros depredadores subterráneos de cuerpo pálido, caracterizados por un par de pinzas quitinosas esclerotizadas al final del abdomen
Machilidae;Archaeognatha;Familia;Pececillos de cobre; insectos saltadores primitivos sin alas con grandes ojos compuestos que tocan en la línea media
Meinertellidae;Archaeognatha;Familia;Arqueognatos caracterizados por carecer de escamas en las antenas y patas, comunes en acantilados y bosques del hemisferio sur
Lepismatidae;Zygentoma (Thysanura);Familia;Familia que incluye al pececillo de plata común, insecto áptero ágil de hábitos domésticos que consume almidón y papel
Maindroniidae;Zygentoma (Thysanura);Familia;Pequeña y rara familia de pececillos de plata adaptados exclusivamente a vivir en ambientes extremadamente áridos o desérticos
Nicoletiidae;Zygentoma (Thysanura);Familia;Pececillos de plata ciegos, pálidos y alargados que habitan bajo tierra, en cuevas o dentro de hormigueros coloniales
Baetidae;Ephemeroptera;Familia;Pequeñas efímeras de agua dulce con alas traseras muy reducidas o ausentes, cuyas ninfas nadan con gran agilidad
Coryphoridae;Ephemeroptera;Familia;Efímeras cuyas ninfas habitan en corrientes de agua rápidas, adaptadas morfológicamente para aferrarse firmemente a las rocas bentónicas
Oligoneuridae;Ephemeroptera;Familia;Efímeras de vuelo veloz cuyas ninfas poseen branquias modificadas para filtrar partículas alimenticias en ríos correntosos
 Euthyplociidae;Ephemeroptera;Familia;Efímeras tropicales de gran tamaño, caracterizadas por machos con patas delanteras muy largas y ninfas excavadoras de riberas
Polymitarcyidae;Ephemeroptera;Familia;Efímeras pálidas o blancas cuyas ninfas cavan túneles en forma de U en el lodo arcilloso de ríos
Caenidae;Ephemeroptera;Familia;Efímeras diminutas conocidas como efímeras de un solo día, con ninfas que toleran sedimentos finos en aguas lentas
Leptohyphidae;Ephemeroptera;Familia;Efímeras americanas de tamaño reducido, cuyas ninfas habitan zonas de baja corriente cubiertas de detritos vegetales finos
Leptophlebiidae;Ephemeroptera;Familia;Efímeras de patas delgadas, con ninfas que poseen branquias bífidas o ramificadas muy características en el abdomen
Coenagrionidae ;Zygoptera;Familia;Caballitos del diablo de cola azul y colores variables, la familia más abundante de odonatos cigópteros del mundo
Lestidae;Zygoptera;Familia;Caballitos del diablo que descansan manteniendo sus alas parcialmente abiertas en un ángulo oblicuo muy distintivo
Calopterygidae;Zygoptera;Familia;Caballitos del diablo grandes con alas de reflejos metálicos oscuros y vuelos nupciales flotantes similares a mariposas
 Epiophlebiidae;Anisozygoptera;Familia;Reliquias evolutivas vivientes asiáticas que combinan ojos separados de caballito del diablo con alas robustas de libélula anísoptera
Libellulidae ;Anisoptera;Familia;Libélulas comunes de percha; voladoras territoriales de cuerpos coloridos que dominan charcas, lagos y humedales de todo el planeta
Aeshnidae;Anisoptera;Familia;Libélulas gigantes conocidas como esquilmadoras, cazadoras aéreas incansables de vuelo potente que rara vez se posan quietas
Gomphidae;Anisoptera;Familia;Libélulas de ojos ampliamente separados y abdómenes ensanchados en la punta, que suelen posarse sobre el suelo arenoso
Perlidae;Plecoptera;Familia;Plecópteros grandes de ríos limpios; ninfas depredadoras aplanadas con branquias ramificadas parecidas a mechones en las axilas corporales
Proscopiidae;Caelifera;Familia;Saltamontes palo de Sudamérica; ortópteros alargados imitadores de ramitas con cabezas cónicas apuntando hacia adelante oblicuamente
Acrididae;Caelifera;Familia;Saltamontes comunes y langostas migratorias verdaderas; fitófagos devastadores con antenas cortas y patas traseras potentes para saltar
Romaleidae;Caelifera;Familia;Saltamontes de la familia lubber, insectos de gran tamaño y colores llamativos de advertencia que secretan espuma tóxica
Tettigoniidae ;Ensifera;Familia;Saltamontes de antenas largas u esperanzas, con asombrosos camuflajes de hojas verdes y cantos estridentes nocturnos
Gryllidae ;Ensifera;Familia;Grillos verdaderos; insectos nocturnos terrestres cuyos machos producen el clásico chirrido frotando sus alas anteriores endurecidas
Gryllotalpidae ;Ensifera;Familia;Grillos topo; ortópteros subterráneos con patas delanteras masivas modificadas para cavar túneles eficientemente en la tierra húmeda
Mogoplistidae ;Ensifera;Familia;Grillos escamosos; pequeños ortópteros terrestres cubiertos por intrincadas escamas que se desprenden fácilmente para evadir depredadores
Timematidae;Timematodea;Familia;El linaje de fásmidos más primitivo de Norteamérica; pequeños insectos palo que no pueden perder sus extremidades voluntariamente
Diapheromeridae;Euphasmatodea;Familia;Insectos palo comunes del Nuevo Mundo, alargados, delgados, carentes de alas y con patas delanteras muy estiradas
Phasmatidae;Euphasmatodea;Familia;Insectos palo gigantes de distribución mundial que incluyen a algunos de los insectos más largos descritos en la Tierra
Prisopodidae;Euphasmatodea;Familia;Fásmidos tropicales aplanados que se camuflan perfectamente abrazando la corteza de los árboles o imitando trozos de liquen
Heteronemiidae;Euphasmatodea;Familia;Insectos palo esbeltos de hábitos nocturnos, distribuidos principalmente en regiones neotropicales alimentándose de follaje arbóreo variado
Pseudophasmatidae;Euphasmatodea;Familia;Insectos palo coloreados que a menudo poseen alas funcionales reducidas y glándulas torácicas que rocían líquidos defensivos irritantes
Ectobiidae;Blattodea*;Familia;La familia más grande de cucarachas pequeñas
Blaberidae;Blattodea*;Familia;Cucarachas gigantes tropicales, muchas de ellas vivíparas, como la cucaracha gigante de Madagascar que emite silbidos defensivos
Blattellidae;Blattodea*;Familia;Antiguo grupo de cucarachas ligeras; hoy en día la mayoría de sus géneros están reclasificados dentro de Ectobiidae
Blattidae;Blattodea*;Familia;Cucarachas grandes de alcantarilla que incluyen a la cucaracha americana y oriental, vectores mecánicos de bacterias domésticas
Kalotermitidae;Termitoidae (Isoptera);Familia;Termitas de madera seca; forman colonias en madera muerta sin necesidad de mantener contacto con el suelo húmedo.
Rhinotermitidae;Termitoidae (Isoptera);Familia;Termitas subterráneas; destructoras voraces que construyen tubos de barro para subir a las estructuras de madera hogareñas
Termitidae;Termitoidae (Isoptera);Familia;La familia más grande y avanzada de termitas, constructoras de los masivos y famosos termiteros catedrales de tierra
Hymenopodidae;Mantodea*;Familia;Mantis flor; insectos cazadores tropicales con expansiones en las patas que imitan pétalos para emboscar polinizadores incautos
Liturgusidae;Mantodea*;Familia;Mantis de la corteza; aplanadas y moteadas, corren velozmente por los troncos camuflándose como musgo o liquen gris
Mantidae;Mantodea*;Familia;La familia principal de mantis religiosas comunes; depredadoras generalistas de cabeza triangular móvil y patas delanteras raptoras
Thespidae;Mantodea*;Familia;Mantis esbeltas y pequeñas de movimientos rápidos que habitan principalmente en pastizales o arbustos bajos neotropicales
Embiidae;Embioptera;Familia;Tejedores de seda; insectos gregarios que construyen túneles de seda bajo rocas usando glándulas en sus patas delanteras
Oligotomidae;Embioptera;Familia;Familia de embiópteros originaria del Viejo Mundo, introducida globalmente, común en cortezas de árboles y grietas rocosas
Anisembiidae;Embioptera;Familia;Embiópteros nativos de América, caracterizados por machos con venación alar simplificada o formas totalmente ápteras terrestres
Zorotypidae;Zoraptera;Familia;El único grupo viviente de zorápteros; insectos diminutos y ciegos que viven socialmente bajo cortezas de troncos podridos
Forficulidae;Dermaptera;Familia;Tijeretas comunes terrestres; insectos con pinzas (cercos) curvadas en machos, que brindan cuidados maternales a sus huevos
Labiduridae;Dermaptera;Familia;Tijeretas de franjas pálidas; de gran tamaño y hábitos depredadores nocturnos en playas arenosas o suelos agrícolas
Labiidae;Dermaptera;Familia;Tijeretas diminutas de cuerpo grácil y antenas delgadas, abundantes bajo hojarasca húmeda o restos orgánicos vegetales
Anisolabididae;Dermaptera;Familia;Tijeretas que carecen por completo de alas en ambos sexos, con pinzas asimétricas robustas usadas para capturar presas
Psyllipsocidae;Trogiomorpha;Familia;Piojos de los libros primitivos con alas largas, adaptados a vivir en cuevas oscuras y sótanos húmedos habitados
Psocidae;Psocomorpha;Familia;Piojos de la corteza verdaderos; insectos de vida libre que pastan microalgas y líquenes sobre troncos de árboles
Lachesillidae;Psocomorpha;Familia;Pequeños psocópteros comunes que se alimentan de esporas de hongos en hojas secas colgadas de la vegetación
Liposcelididae ;Troctomorpha ;Familia;Piojos de los libros aplanados y ápteros; plagas comunes de despensas alimenticias y colecciones botánicas de museos
Menoponidae;Amblycera;Familia;Piojos masticadores de aves que se desplazan rápidamente entre las plumas, alimentándose de queratina, restos de piel y sangre
Philopteridae;Ishnocera;Familia;Piojos masticadores aviares de cuerpo rígido que se anclan firmemente a los cañones de las plumas con mandíbulas
Trichodectidae;Trichodectera;Familia;Piojos masticadores especializados exclusivamente en parasitar mamíferos placentarios como perros, gatos, caballos y ganado vacuno
Pthiridae;Anoplura;Familia;Familia que contiene a la ladilla humana, piojos parásitos modificados con patas ganchudas para aferrarse al vello corporal
Haematopinidae;Anoplura;Familia;Piojos chupadores de ungulados; parásitos hematófagos grandes que afectan severamente la piel de cerdos, caballos y vacas
Thripidae;Terebrantia;Familia;La familia más grande de trips; diminutos insectos fitófagos con ovipositor aserrado, vectores de graves virus agrícolas mundiales
Phlaeothripidae;Tubulifera;Familia;Trips tubulíferos; insectos pequeños cuyo abdomen termina en un tubo cónico, muchos de ellos asociados a agallas vegetales
Gerridae;Gerromorpha;Familia;Zapateros o patinadores de agua; chinches con patas largas cubiertas de pelos hidrófobos para deslizarse sobre estanques
Veliidae;Gerromorpha;Familia;Chinches patinadoras pequeñas, robustas y a menudo gregarias que habitan zonas de corriente suave en arroyos limpios
Hydrometridae;Gerromorpha;Familia;Chinches aguja; caminan lentamente sobre el agua imitando ramitas, detectando pequeños invertebrados atrapados en la superficie
Nepidae;Nepomorpha;Familia;Escorpiones de agua; chinches acuáticas depredadoras con un largo sifón respiratorio posterior que sacan para tomar aire
Belostomatidae;Nepomorpha;Familia;Chinches acuáticas gigantes u oxitulas; feroces depredadores de peces y ranas que cargan sus huevos a la espalda
Corixidae;Nepomorpha;Familia;Barcaonas; chinches acuáticas nadadoras que se alimentan triturando algas y detritos orgánicos del fondo con su pico
Notonectidae;Nepomorpha;Familia;Garapitos o nadadores de espalda; chinches acuáticas que nadan invertidas y propinan picaduras dolorosas si se manipulan
Naucoridae;Nepomorpha;Familia;Chinches acuáticas de cuerpo ovalado y aplanado con patas delanteras raptoras muy fuertes para capturar presas bentónicas
Pentatomidae;Pentatomorpha;Familia;Chinches hediondas o de escudo; insectos terrestres fitófagos que liberan olores acres defensivos desde su tórax
Coreidae;Pentatomorpha;Familia;Chinches de patas de hoja; insectos fitófagos con expansiones laminares en sus tibias traseras simulando hojas secas
Berytidae;Pentatomorpha;Familia;Chinches zancudas; de cuerpos lineales sumamente delgados y patas larguísimas, similares a pequeños mosquitos terrestres lentos
Lygaeidae;Pentatomorpha;Familia;Chinches de las semillas; pequeños insectos terrestres a menudo coloreados de rojo y negro que consumen granos vegetales
Pyrrhocoridae;Pentatomorpha;Familia;Chinches rojas o soldados; insectos terrestres gregarios de colores llamativos que se alimentan principalmente de semillas de malváceas
Anthocoridae;Cimicomorpha;Familia;Chinches pirata diminutas; depredadoras voraces de ácaros y trips en cultivos, muy valoradas en control biológico natural
Cimicidae;Cimicomorpha;Familia;Chinches de las camas; insectos ápteros hematófagos nocturnos que parasitan a humanos, aves y murciélagos en nidos
Nabidae;Cimicomorpha;Familia;Chinches damisela; depredadores terrestres ágiles de cuerpos alargados que atrapan orugas y pulgones en la vegetación
Miridae;Cimicomorpha;Familia;Chinches de las plantas; la familia más grande de hemípteros, incluye especies fitófagas y algunas depredadoras ágiles
Tingidae;Cimicomorpha;Familia;Chinches de encaje; diminutos insectos fitófagos con pronotos y alas bellamente reticulados que dañan el envés foliar
Reduviidae;Cimicomorpha;Familia;Chinches asesinas o vinchucas; depredadores feroces con picos curvos, algunas especies transmiten la peligrosa enfermedad de Chagas
Aleyrodidae;Aleyrodoidea;Familia;Moscas blancas; diminutos homópteros cubiertos de polvo ceroso blanco que chupan savia e infectan cultivos agrícolas de invernadero
Aphididae;Aphidoidea;Familia;Pulgones verdaderos; insectos chupadores gregarios con sifúnculos posteriores que secretan melaza azucarada, atrayendo colonias de hormigas
Phylloxeridae;Phylloxeroidea;Familia;Insectos parásitos de plantas que forman agallas complejas en hojas o raíces de viñedos y nogales
Coccidae;Coccoidea;Familia;Cochinillas blandas o de caparazón; hembras sésiles con formas de escamas que excretan copiosa melaza sobre plantas
Margaroridae;Coccoidea;Familia;Cochinillas gigantes; hembras globulares cubiertas de cera espesa, algunas especies tienen ninfas llamadas perlas de tierra
Ortheziidae;Coccoidea;Familia;Cochinillas de placa ensortijada; cubiertas por artísticas placas ceras blancas y simétricas, comunes en raíces de plantas
Pseudococcidae;Coccoidea;Familia;Cochinillas algodonosas; insectos chupadores ovalados cubiertos de una densa secreción blanca harinosa que protege sus puestas
Dactylopidae;Coccoidea;Familia;Cochinillas de la grana; parásitas exclusivas de nopales (cactus) de las cuales se extrae el cotizado tinte rojo carmín
Diaspididae;Coccoidea;Familia;Cochinillas de escudo duro; hembras cubiertas por una armadura calcárea separable de su cuerpo blando subyacente
Monophlebidae;Coccoidea;Familia;Cochinillas que incluyen a la cochinilla acanalada de Australia, plaga citrícola controlada históricamente con escarabajos mariquita
Cicadidae;Cicadomorpha;Familia;Cigarras o chicharras verdaderas; famosas por los potentes cantos estridentes generados por los timbales abdominales del macho
Cercopidae;Cicadomorpha;Familia;Cigarrillas espumadoras; sus ninfas viven protegidas dentro de masas de espuma salival esponjosa que ellas mismas fabrican
Membracidae;Cicadomorpha;Familia;Campenitas o membrácidos; insectos con pronotos asombrosamente modificados imitando espinas, espinas vegetales o formas alienígenas
Cicadellidae;Cicadomorpha;Familia;Saltahojas; pequeños insectos saltadores estilizados y coloridos que transmiten bacterias fitopatógenas al alimentarse de savia
Delphacidae;Fulgoromorpha;Familia;Saltahojas con espolones móviles en las tibias traseras, que causan graves daños mecánicos en cultivos de arroz
Fulgoridae;Fulgoromorpha;Familia;Fulgóridos; insectos tropicales grandes con expansiones cefálicas llamativas que falsamente se creía que emitían luz nocturna
Corydalidae;Megaloptera;Familia;Moscas de la piedra gigantes; machos con mandíbulas descomunales en forma de hoz usadas para el cortejo nupcial
Sialidae;Megaloptera;Familia;Moscas alisas; megalópteros con larvas acuáticas provistas de siete pares de filamentos laterales y filamento caudal único
Myrmelonidae;Neuroptera;Familia;Hormigas león; adultos similares a libélulas y larvas excavadoras que atrapan hormigas en embudos de arena fina
Hemerobiidae;Neuroptera;Familia;Crisopas pardas; pequeños neurópteros de alas encajadas color marrón cuyas larvas devoran activamente pulgones en plantas
Mantispidae;Neuroptera;Familia;Mantíspidos; insectos con alas de neuróptero pero tórax y patas delanteras raptoras idénticas a una mantis religiosa
Chrysopidae;Neuroptera;Familia;Crisopas verdes; neurópteros benéficos de ojos dorados brillantes cuyas larvas portan restos de presas como camuflaje
Hydroscaphidae;Mixophaga;Familia;Escarabajos esquife; diminutos coleópteros acuáticos de élitros acortados que habitan sobre algas de rocas salpicadas
Sphaeriusidae;Mixophaga;Familia;Escarabajos esféricos diminutos que habitan en los márgenes arenosos o lodosos saturados de agua de arroyos limpios
Cicindellidae;Adephaga;Familia;Escarabajos tigre; depredadores terrestres ultra veloces con mandíbulas cruzadas agudas y ojos compuestos salientes muy desarrollados
Carabidae;Adephaga;Familia;Carábidos; escarabajos terrestres nocturnos caminadores con glándulas químicas defensivas, la mayoría depredadores voraces de caracoles
Dytiscidae;Adephaga;Familia;Escarabajos buceadores; coleópteros acuáticos aerodinámicos con patas traseras aplanadas tipo remo que almacenan aire bajo sus élitros
Gyrinidae;Adephaga;Familia;Escarabajos torbellino; nadan frenéticamente en círculos sobre el agua superficial con ojos divididos para ver arriba y abajo
Haliplidae;Adephaga;Familia;Escarabajos de los estanques rastreros; pequeños coleópteros acuáticos fitófagos con grandes placas coxales traseras para almacenar aire comprimido
Noteridae;Adephaga;Familia;Escarabajos buceadores cavadores; coleópteros acuáticos pequeños similares a dytíscidos pero especializados en escarbar raíces sumergidas
Rhysodidae;Adephaga;Familia;Escarabajos de los canales arrugados; coleópteros alargados con surcos profundos en el pronoto que habitan madera podrida micológica
Hydrophilidae;Hydrophiloidea;Familia;Escarabajos amantes del agua; coleópteros acuáticos portadores de un plastrón de aire ventral, la mayoría vegetarianos de adultos
Histeridae;Hydrophiloidea;Familia;Escarabajos histéridos; cuerpos compactos negros brillantes que se hacen los muertos (tanatosis) y devoran larvas de moscas
Staphylinidae;Staphylinoidea;Familia;Estafilínidos; la familia más grande de escarabajos, con élitros muy cortos que exponen abdómenes flexibles muy móviles.
Silphidae;Staphylinoidea;Familia;Escarabajos enterradores o carroñeros; entierran cadáveres de pequeños vertebrados para alimentar socialmente a sus larvas carnosas
Scarabaeidae;Scarabaeoidea;Familia;Escarabajos peloteros, mayates y escarabajos rinoceronte; coleópteros robustos con antenas lameladas adaptadas para cavar estiércol
Buprestidae;Buprestoidea;Familia;Escarabajos joya; cuerpos fusiformes rígidos con iridiscencias metálicas espectaculares, cuyas larvas barrenan madera muerta forestal
Elateridae;Elateroidea;Familia;Escarabajos click o saltapericos; capaces de saltar al aire volteándose mediante un resorte torácico que emite un chasquido
Lampyridae;Elateroidea;Familia;Luciérnagas; escarabajos de cuerpos blandos cuyos órganos abdominales producen destellos de luz bioluminiscente para el cortejo amoroso
Elmidae;Byrrhoidea;Familia;Escarabajos de los rápidos; pequeños coleópteros acuáticos que respiran bajo ríos limpios mediante un plastrón inamovible de oxígeno
Chrysomelidae;Chrysomeloidea;Familia;Escarabajos de las hojas; fitófagos diversos de colores llamativos que incluyen plagas como el escarabajo de la patata
Cerambycidae;Chrysomeloidea;Familia;Escarabajos longicornios; coleópteros con antenas larguísimas que superan su propio cuerpo, cuyas larvas son barrenadoras forestales
Cucujidae;Cucujoidea;Familia;Escarabajos de la corteza planos; cuerpos extremadamente comprimidos dorsoventralmente para escurrirse en los espacios bajo cortezas apretadas
Coccinellidae;Cucujoidea;Familia;Mariquitas o catarinas; escarabajos semiesféricos coloridos, depredadores icónicos benéficos que devoran miles de pulgones agrícolas
Scolytidae;Curculionoidea;Familia;Escarabajos de la corteza; diminutos barrenadores que trazan intrincadas galerías laberínticas bajo las cortezas de árboles debilitados
Curculionidae;Curculionoidea;Familia;Gorgojos verdaderos; caracterizados por un rostro o hocico prolongado, es la familia de escarabajos más destructora de granos
Meloidae;Tenebrionoidea;Familia;Escarabajos aceiteros o de la manteca; secretan cantaridina cáustica por sus articulaciones que provoca dolorosas ampollas cutáneas
Tenebrionidae;Tenebrionoidea;Familia;Escarabajos de la harina y del desierto; coleópteros oscuros resistentes a la sequía con élitros frecuentemente fusionados protectores
Dermestidae;Bostrichoidea;Familia;Escarabajos de las alfombras o derméstidos; sus larvas peludas destruyen tapizados, pieles y colecciones zoológicas secas de museos
Bostrichidae;Bostrichoidea;Familia;Falsos barrenadores de la madera; escarabajos cilíndricos con pronotos rugosos cuyas larvas destruyen maderas duras y cañas secas
Stylopidae;Strepsiptera;Familia;Avispitas parásitas extremas de ojos salientes; las hembras sin alas pasan toda su vida dentro de abejas u avispas
Halictophagidae;Strepsiptera;Familia;Pequeños insectos estrepsípteros parásitos obligados que atacan principalmente a chinches saltahojas y grillos terrestres
Hydroptilidae;Trichoptera;Familia;Microtricópteros; insectos acuáticos diminutos cuyas ninfas construyen delicados estuches de seda en forma de monedero
Limnephilidae;Trichoptera;Familia;Tricópteros comunes de río; sus larvas usan ramitas, hojas y piedrecitas para construir refugios cilíndricos robustos bentónicos
Leptoceridae;Trichoptera;Familia;Tricópteros de antenas larguísimas; insectos gráciles cuyas larvas nadadoras construyen estuches cónicos de arena ligera
Glossosomatidae;Trichoptera;Familia;Tricópteros cuyas larvas fabrican refugios de piedras en forma de cúpula de tortuga, habitando corrientes rápidas
Hydrobiosidae;Trichoptera;Familia;Tricópteros depredadores cuyas larvas de vida libre no construyen estuches protectores hasta el momento de pupar
Philopotamidae;Trichoptera;Familia;Larvas de tricópteros que tejen redes de seda tubulares en forma de saco para filtrar micropartículas en ríos
Micropterygidae;Zeugloptera;Familia;Las polillas más primitivas; los adultos poseen mandíbulas masticadoras funcionales para alimentarse exclusivamente de polen
Eriocraniidae;Eriocranioidea;Familia;Polillas arcaicas cuyas larvas minadoras de hojas carecen por completo de patas verdaderas o falsas
Hepialidae;Hepialoidea;Familia;Polillas fantasma; insectos grandes de vuelo rápido nocturno, con hembras que dispersan miles de huevos al voleo
Psychidae;Tineoidea;Familia;Polillas de saco; las larvas construyen estuches de seda y restos vegetales que cargan toda su vida
Lyonetiidae;Yponomeutoidea;Familia;Microlepidópteros cuyas larvas cavan minas lineales o parches transparentes característicos en el follaje de árboles
Plutellidae;Yponomeutoidea;Familia;Polillas del dorso de diamante; plagas crucíferas severas cuyas pequeñas larvas verdes son muy activas al asustarse
Bucculatricidae;Gracillarioidea;Familia;Polillas cuyos estadios larvales tardíos se alimentan externamente, tejiendo capullos pupales estriados muy artísticos
Gracillariidae;Gracillarioidea;Familia;Importante familia de microlepidópteros minadores de hojas y frutos, causantes de graves daños en cultivos citrícolas
Gelechiidae;Gelechioidea;Familia;Polillas pequeñas que incluyen a la destructiva polilla del tomate o a la plaga de granos almacenados
Cosmopterigidae;Gelechioidea;Familia;Microlepidópteros estilizados de alas angustias, cuyas larvas son minadoras, barrenadoras o detritívoras forestales
Sesiidae;Cossoidea;Familia;Polillas avispa; maestros del mimetismo que imitan visualmente a avispas peligrosas para ahuyentar a depredadores aéreos
Tortricoidea;Tortricoidea;Familia;Polillas enrolladoras; sus larvas unen hojas con seda para alimentarse resguardadas de la intemperie forestal
Pyralidae;Pyraloidea;Familia;Polillas hociconas; una familia masiva de microlepidópteros que incluye serias plagas de productos secos almacenados
Crambidae;Pyraloidea;Familia;Polillas de la hierba; estrechamente emparentadas con Pyralidae, muchas de sus larvas barrenan tallos de gramíneas
Sphingidae;Bombycoidea;Familia;Polillas halcón o esfinges; excelentes voladoras de cuerpo aerodinámico capaces de libar néctar suspendidas en el aire
Bombycidae;Bombycoidea;Familia;Familia que alberga al gusano de la seda domesticado, criado ancestralmente por el valor textil de su capullo
Saturniidae;Bombycoidea;Familia;Polillas emperador o pavones; insectos gigantescos de alas vistosas con ocelos, cuyos adultos carecen de aparato digestivo
Erebidae;Noctuoidea;Familia;Una de las familias más grandes de polillas nocturnas, de tamaños muy variables y orugas frecuentemente peludas
Noctuidae;Noctuoidea;Familia;Polillas cortadoras o gusanos cogolleros; mariposas nocturnas robustas cuyas larvas causan estragos severos en la agricultura mundial
Geometridae;Geometroidea;Familia;Orugas medidoras; polillas cuyas larvas avanzan encogiendo el cuerpo al carecer de las patas falsas intermedias
Uraniidae;Geometroidea;Familia;Polillas diurnas tropicales de colores iridiscentes deslumbrantes que migran masivamente simulando ser mariposas verdaderas
Hesperiidae;Papilionoidea;Familia;Mariposas saltarinas; lepidópteros diurnos de cuerpo robusto, cabeza ancha y antenas curvas rematadas en gancho
Pieridae;Papilionoidea;Familia;Mariposas blancas y amarillas de la col; lepidópteros diurnos comunes con pigmentos pterínicos característicos en sus alas
Riodinidae;Papilionoidea;Familia;Mariposas de marcas metálicas; de asombrosa diversidad morfológica, distribuidas principalmente en selvas tropicales neotropicales
Lycaenidae;Papilionoidea;Familia;Mariposas de alas azules o cobrizas, cuyas orugas suelen mantener relaciones simbióticas estrechas con colonias de hormigas
Nymphalidae;Papilionoidea;Familia;Mariposas de patas de cepillo; la familia más grande de mariposas diurnas, con patas delanteras reducidas no funcionales
Papilionidae;Papilionoidea;Familia;Mariposas cola de golondrina; grandes, vistosas y elegantes, cuyas orugas poseen un órgano defensivo glandular oloroso (osmaterio)
Siricidae;Siricoidea;Familia;Avispas de la madera cola de cuerno; los adultos taladran troncos y sus larvas se alimentan de hongos simbiontes
Tenthredinidae;Tenthredinoidea;Familia;Moscas de sierra comunes; himenópteros fitófagos cuyas larvas gregarias imitan orugas de mariposa devorando hojas
Evaniidae;Evanioidea;Familia;Avispas bandera; pequeños himenópteros parasitoides que destruyen las ootecas (huevos) de cucarachas dentro de hogares
Ichneumonidae;Ichneumonoidea;Familia;Avispas ichneumónidas; parasitoides de cuerpo esbelto y antenas largas, poseedoras de larguísimos ovipositores taladradores
Braconidae;Ichneumonoidea;Familia;Avispas bracónidas; diminutos parasitoides benéficos que depositan huevos dentro de pulgones y orugas plaga agrícolas
Chalcididae;Chalcidoidea;Familia;Avispas calcídidas; robustas y de fémures traseros muy agrandados, parasitoides de pupas de lepidópteros y dípteros
Aphelinidae;Chalcidoidea;Familia;Pequeñísimas avispitas parasitoides utilizadas exitosamente en el control biológico de cochinillas y moscas blancas
Encyrtidae;Chalcidoidea;Familia;Avispas diminutas que parasitan huevos o ninfas de insectos chupadores, de enorme relevancia en la agricultura sostenible
Eulophidae;Chalcidoidea;Familia;Familia hiperdiversa de microavispas parasitoides que atacan larvas minadoras de hojas, trips y escarabajos barrenadores
Pteromalidae;Chalcidoidea;Familia;Avispitas parasitoides generalistas que atacan una vasta gama de insectos ocultos en agallas, granos o madera
Trichogrammatidae;Chalcidoidea;Familia;Avispitas microscópicas parasitoides de huevos de insectos; criadas masivamente para combatir orugas plaga de forma biológica
Platygasteridae;Platygastroidea;Familia;Avispas diminutas que parasitan exclusivamente huevos de chinches verdaderas y larvas de mosquitas de las agallas
Vespidae;Vespoidea;Familia;Avispas sociales, avispones y avispas alfareras; constructoras de nidos de papel masticado, dotadas de picaduras dolorosas
Formicidae;Vespoidea;Familia;Hormigas; insectos sociales eusociales altamente organizados que dominan casi todos los ecosistemas terrestres del planeta
Pompilidae;Vespoidea;Familia;Avispas de las arañas o cazadoras de tarántulas; avispas solitarias que paralizan arácnidos para alimentar sus larvas
Scoliidae;Vespoidea;Familia;Avispas escolíadas robustas y peludas cuyas hembras excavan el suelo para parasitar larvas de escarabajos escarabeidos
Mutilidae;Vespoidea;Familia;Hormigas de felpa u hormigas terciopelo; avispas solitarias ápteras muy peludas y de picadura extremadamente dolorosa
Sphecidae;Apoidea;Familia;Avispas excavadoras u avispas de cintura de hilo; paralizan saltamontes u orugas almacenándolos en nidos subterráneos
Apidae;Apoidea;Familia;Abejas verdaderas, abejorros y abejas sin aguijón; polinizadores ecológicos clave productores de cera y miel dulce
Panorpidae;Mecoptera;Familia;Moscas escorpión verdaderas; mecópteros cuyos machos portan genitales inflamados curvados que recuerdan al aguijón del escorpión
Tipulidae;Tipuloidea;Familia;Típulas gigantes o zancudos de río; dípteros inofensivos de patas larguísimas que no consumen sangre
Psychodidae;Psychodomorpha;Familia;Mosquitas de los baños o jejenes; dípteros peludos cuyas larvas habitan filtros biológicos o desagües húmedos
Chrinomidae;Chironomoidea;Familia;Quironómidos; mosquitos que no pican, cuyos machos forman inmensas nubes danzantes crepusculares cerca de lagos
Simuliidae;Chironomoidea;Familia;Jejenes negros u moscas de arena; hembras hematófagas de mordedura dolorosa, vectores de la enfermedad de oncocercosis
Culicidae;Culicoidea;Familia;Mosquitos verdaderos o zancudos; hembras hematófagas vectores mundiales de malaria, dengue, fiebre amarilla y zika
Cecidomyiidae;Sciaroidea;Familia;Mosquitas de las agallas; dípteros diminutos cuyas larvas inducen deformaciones o agallas tumorales en tejidos vegetales
Tabanidae;Tabanoidea;Familia;Tábanos; moscas robustas de ojos coloridos cuyas hembras cortan la piel para succionar sangre de mamíferos
Dolichopodidae;Empidoidea;Familia;Moscas de patas largas; dípteros depredadores de colores metálicos verdes o dorados que habitan zonas húmedas
Syrphidae;Syrphoidea;Familia;Moscas cernícalo; imitan a abejas u avispas y planean estáticamente; sus larvas son voraces devoradoras de pulgones
Ulidiidae (Otitidae);Tephritoidea;Familia;Moscas de alas pintadas u oscilantes; dípteros con patrones alares llamativos que mueven rítmicamente al caminar
Tephritidae;Tephritoidea;Familia;Moscas de las frutas verdaderas; plagas agrícolas temibles cuyas larvas destruyen la pulpa de frutas comerciales
Agromyzidae;Opomyzoidea;Familia;Moscas minadoras de hojas; las larvas trazan túneles blanquecinos serpenteantes dentro del parénquima foliar de cultivos
Drosophilidae;Ephydroidea;Familia;Moscas del vinagre o de la fruta; utilizadas masivamente en estudios genéticos científicos debido a su rápido ciclo
Hyppoboscidae;Hippoboscoidea;Familia;Moscas de los establos o piojos voladores; parásitos hematófagos aplanados y coriáceos de aves y mamíferos.
Muscidae;Muscoidea;Familia;Familia que aloja a la mosca doméstica común y moscas picadoras de establos de distribución cosmopolita global
Oestridae;Oestroidea;Familia;Éstridos; moscas cuyas larvas son parásitas obligadas que se desarrollan bajo la piel o cavidades de mamíferos
Tachinidae;Oestroidea;Familia;Moscas taquínidas; dípteros cubiertos de cerdas gruesas cuyas larvas son parasitoides benéficos de orugas y escarabajos
Calliphoridae;Oestroidea;Familia;Moscas azules o verdes de la carne; polinizadoras y descomponedoras clave, esenciales en la entomología forense criminal
Sarcophagidae;Oestroidea;Familia;Moscas de la carne ajedrezadas; larvíparas, depositan larvas vivas directamente sobre carroña o heridas abiertas de animales
Pulicidae;Siphonaptera;Familia;Pulgas comunes; insectos ápteros hematófagos aplanados lateralmente que parasitan perros, gatos, humanos y ratas urbanas
Tungidae;Siphonaptera;Familia;Pulgas de la arena o niguas; hembras diminutas que se entierran permanentemente bajo la piel de los pies
Scolopendridae;Scolopendromorpha;Familia;Escolopendras gigantes; ciempiés depredadores nocturnos muy veloces dotados de potentes e infalibles forcípulas venenosas
Julidae;Julida;Familia;Milpiés cilíndricos comunes; miriápodos detritívoros herbívoros que segregan fluidos químicos acres defensivos al enrollarse
Limulidae;Xiphosura;Familia;Cangrejos herradura; quelicerados marinos primitivos de sangre azul a base de cobre usada en medicina biológica
Caraboctonidae;Scorpiones;Familia;Escorpiones de los desiertos americanos, cubiertos de setas sensoriales gruesas adaptadas a capturar insectos nocturnos
Theraphosidae;Araneae;Familia;Tarántulas verdaderas; arañas gigantes migalomorfas longevas cubiertas de pelos urticantes defensivos que lanzan al aire
Theridiidae;Araneae;Familia;Arañas de telarañas irregulares en forma de nudo; incluye a la peligrosa y famosa viuda negra neurotóxica
Sicariidae;Araneae;Familia;Arañas violinistas y arañas de la arena; su potente veneno de acción citotóxica causa necrosis tisular severa
Lycosidae;Araneae;Familia;Arañas lobo; cazadoras terrestres errantes muy comunes cuyas hembras cargan los sacos de huevos en sus hileras
Araneidae;Araneae;Familia;Arañas tejedoras de telas orbitales circulares perfectas, dotadas de un abdomen conspicuo y colores variables adaptativos
Varroidae; Mesostigmata;Familia;Ácaros parásitos externos de las abejas melíferas (Varroa), causantes del colapso y debilitamiento de colmenas mundiales
Ixodidae;Ixodida;Familia;Garrapatas duras; ácaros hematófagos provistos de un escudo dorsal rígido, transmisores de la peligrosa enfermedad de Lyme
Tetranychidae;Trombidiformes;Familia;Arañuelas rojas; ácaros fitófagos diminutos que tejen densas telarañas protectoras debilitando severamente el follaje agrícola
Sarcoptidae;Sarcoptiformes;Familia;Ácaros de la sarna; parásitos microscópicos cavadores de túneles epidérmicos intradérmicos causantes de prurito intenso animal
Pygnogonidae;Pantopoda;Familia;Arañas de mar comunes; pantópodos bentónicos con cuerpos reducidos al mínimo, habitantes de arrecifes e hidrozoos
Heliasteridae;Forcipulatida;Familia;Estrellas de mar sol; caracterizadas por poseer múltiples brazos cortos y densos, depredadoras bentónicas intermareales veloces
Asteriidae;Forcipulatida;Familia;Estrellas de mar comunes que incluyen a la estrella purpúrea, depredadoras formidables de bivalvos mediante estómago evaginable
Ophiotrichidae;Amphilepidida;Familia;Ofiuras espinosas; equinodermos de brazos delgados, frágiles y espinosos que se mueven serpenteando rápidamente entre rocas
Arbaciidae;Arbacioida;Familia;Erizos de mar regulares de conchas macizas y espinas robustas oscuras, habitantes de fondos rocosos litorales
Cucumariidae;Dendrochirotida;Familia;Pepinos de mar ramificados; holoturias bentónicas con vistosos tentáculos bucales arborescentes empleados para filtrar alimento planctónico
Ptychoderidae;Enteropneusta;Familia;Gusanos de bellota marinos; hemicordados excavadores que habitan en túneles arenosos de playas lodosas intermareales
Branchiostomatidae;Amphioxiformes;Familia;Anfioxos o lancetas; pequeños cordados pisciformes transparentes que carecen de cerebro diferenciado o vértebras óseas
Ascidiidae;Phlebobranchia;Familia;Ascidias solitarias bentónicas fijas; tunicados con dos sifones filtradores que se alimentan absorbiendo agua marina continuamente
Pyrosomatidae;Pyrosomatida;Familia;Pirosomas; colonias flotantes tubulares transparentes de tunicados pelágicos con una asombrosa bioluminiscencia azul verdosa intensa
Doliolidae;Doliolida;Familia;Pequeños tunicados planctónicos con forma de barril cilíndrico que alternan generaciones reproductivas sexuales y asexuales flotantes
Oikopleuridae;Copelata;Familia;Apendicularios planctónicos que retienen la cola toda su vida, construyendo complejas casas mucosas filtradoras descartables
Myxinidae;Mixiniformes;Familia;Mixinos o peces bruja; vertebrados bentónicos carroñeros sin mandíbulas que producen colosales masas mucosas defensivas
Petromyzontidae ; Petromyzontiformes;Familia;Lampreas verdaderas; peces parásitos de boca circular dentada succionadora que se fijan a la piel de hospederos
 Cephalaspididae†;Cephalaspida†;Familia;Peces ostracodermos extintos sin mandíbulas, poseedores de un masivo escudo cefálico óseo semicircular aplanado fósil
 Dunkleosteidae†;Arthrodira†;Familia;Grandes peces placodermos depredadores prehistóricos marinos cuyas mandíbulas poseían placas óseas cortantes como cuchillas
 Acanthodidae†;Acanthodiformes†;Familia;Tiburones espinosos extintos del Paleozoico, caracterizados por poseer aletas sostenidas por largas espinas óseas rígidas
Lamnidae;Lamniformes;Familia;Jaquetones y marrajos; tiburones masivos de sangre parcialmente caliente, nadadores oceánicos ultra veloces de dientes aserrados
Megachasmidae;Lamniformes;Familia;Familia del tiburón boquiancho; gigantesco y rarísimo tiburón filtrador de aguas profundas con boca luminiscente
Alopiidae;Lamniformes;Familia;Tiburones zorro; caracterizados por una aleta caudal asombrosamente larga usada como látigo para aturdir peces forrajeros
Triakidae;Carcharhiniformes;Familia;Tiburones musola o tollo; condrictios pequeños de ojos ovalados y dientes trituradores planos para consumir crustáceos
Carcharhinidae;Carcharhiniformes;Familia;Tiburones de arrecife, tintoreras y tiburones toro; la familia de depredadores ápice marinos más diversa del mundo
Sphyrnidae;Carcharhiniformes;Familia;Tiburones martillo; poseedores de extensiones cefálicas laterales planas (cefalofor) que optimizan su visión y electrorecepción sensorial
Rhincodontidae;Orectolobiformes;Familia;Familia monotípica del tiburón ballena, el pez viviente más grande del planeta, pacífico filtrador planctónico tropical
Etmopteridae;Squatiniformes;Familia;Tiburones linterna; pequeños escualiformes de profundidad provistos de fotóforos ventrales emisores de luz bioluminiscente verdosa
Squatinidae;Squatiniformes;Familia;Tiburones ángel o angelotes; cuerpos aplanados tipo raya adaptados para emboscar peces enterrados en la arena
Dasyatidae;Myliobatiformes;Familia;Rayas de látigo comunes; condrictios bentónicos circulares armados con uno o más aguijones venenosos aserrados caudales
Potamotrygonidae;Myliobatiformes;Familia;Rayas de aguijón de agua dulce; exclusivas de sistemas fluviales sudamericanos, con vistosos patrones de manchas circulares
Myliobatidae;Myliobatiformes;Familia;Rayas águila; condrictios pelágicos de cabeza elevada y aletas pectorales puntiagudas que nadan batiéndolas como alas
Mobulidae;Myliobatiformes;Familia;Mantarrayas gigantes y móbulas; majestuosos filtradores pelágicos provistos de lóbulos cefálicos que dirigen el plancton bucal
Rajidae;Rajiformes;Familia;Rayas verdaderas u rayas de clavos; bivalvos bentónicos ovíparos cuyas cápsulas de huevos se conocen como monederos
Torpedinidae;Torpediniformes;Familia;Rayas tembladeras eléctricas; cuerpos circulares carnosos capaces de emitir potentes descargas eléctricas de alto voltaje defensivo
Callorhinchidae;Chimaeriformes;Familia;Peces elefante o quimeras de hocico de arado; condrictios de aguas profundas australes con probóscide ganchuda
Polypteridae;Polypteriformes;Familia;Bichires africanos; peces primitivos con pulmones funcionales, escamas ganoides duras y aletas dorsales divididas en pinas
Acipenseridae;Acipenseriformes;Familia;Esturiones verdaderos; grandes peces fluviales barbudos cuyas preciadas puestas de huevos constituyen el cotizado caviar comercial
Polyodontidae;Acipenseriformes;Familia;Peces espátula; dulceacuícolas primitivos con hocicos gigantescos en forma de paleta cubiertos de electrorreceptores filtradores
 Amiidae ; Amiiformes;Familia;Peces amia; representados hoy por una sola especie norteamericana capaz de respirar aire atmosférico en pantanos oxigenados
Lepisosteidae;Lepisosteiformes;Familia;Pejeslagartos o gares; peces alargados prehistóricos de mandíbulas repletas de dientes agudos y escamas romboidales duras
Osteoglossidae;Osteoglossiformes;Familia;Peces lengua ósea que incluyen al gigantesco pirarucú amazónico o arawanas, capaces de saltar fuera del agua
Clupeidae;Clupeiformes;Familia;Arenques, sardinas y alachas; peces forrajeros plateados de hábitos gregarios densos, vitales para las pesquerías mundiales
Engraulidae;Clupeiformes;Familia;Anchovetas y boquerones; pequeños peces plateados de bocas grandes filtradoras, pilares energéticos de las corrientes marinas
Characidae;     Characiformes;Familia;Tetras y pirañas; la familia más diversa de peces dulceacuícolas americanos, poseedores de una pequeña aleta adiposa
Prochilodontidae;     Characiformes;Familia;Boquichicos o sábalos; peces fluviales sudamericanos migradores con labios carnosos succionadores para alimentarse de detritos lodosos
Curimatidae;     Characiformes;Familia;Peces fluviales detritívoros neotropicales que carecen por completo de dientes en sus mandíbulas de adultos filtradores
Serrasalmidae;     Characiformes;Familia;Pirañas verdaderas y pacúes; peces de cuerpos comprimidos y dientes afilados cortantes o molares adaptados a semillas
Anostomidae;     Characiformes;Familia;Peces cabecera abajo; dulceacuícolas sudamericanos que nadan oblicuamente orientados hacia el fondo buscando algas e insectos
Lebiasinidae;     Characiformes;Familia;Peces lápiz y peces copetón; pequeños caraciformes dulceacuícolas muy populares en el acuarismo por sus bandas longitudinales
Salmonidae;Salmoniformes;Familia;Salmones, truchas y tímalo; peces eurihalinos valorados por su carne, famosos por sus saltos migratorios fluviales
Cyprinidae;Cypriniformes;Familia;Carpas, barbos y danios; la familia de peces óseos de agua dulce más numerosa del planeta
Gymnotidae;Gymnotiformes;Familia;Peces cuchillo o anguilas eléctricas americanas; generan descargas de alto voltaje para cazar y defenderse subterráneamente
Apteronotidae;Gymnotiformes;Familia;Peces cuchillo fantasmas; peces eléctricos débiles de agua dulce que usan su campo electromagnético para navegar de noche
Sternopygidae;Gymnotiformes;Familia;Peces vidrio eléctricos; dulceacuícolas translúcidos de aletas anales larguísimas distribuidos en ríos de Sudamérica y Centroamérica
Cetopsidae;Siluriformes;Familia;Bagres ballena; pequeños siluriformes de agua dulce neotropicales de hábitos carnívoros o carroñeros sumamente agresivos y voraces
Callichthyidae;Siluriformes;Familia;Bagres acorazados o coridoras; pequeños peces de fondo dulceacuícolas cubiertos por dos hileras superpuestas de placas óseas
Loricariidae;Siluriformes;Familia;Viejas del agua o bagres ventosa; poseedores de bocas modificadas en ventosa para raspar algas de rocas
Astroblepidae;Siluriformes;Familia;Bagres de torrentes andinos; capaces de escalar cascadas verticales de agua usando su boca ventosa y aletas pélvicas
Pimelodidae;Siluriformes;Familia;Bagres antenados grandes como el surubí; dulceacuícolas neotropicales de largas barbillas sensoriales y hábitos depredadores piscívoros
Gobiesocidae;Blenniiformes;Familia;Peces ventosa litorales; pequeños peces marinos con aletas pélvicas modificadas en un potente disco succionador ventral
Mugilidae;Mugiliformes;Familia;Lisas o múgiles; peces costeros de hábitos filtradores que saltan espectacularmente sobre la superficie del agua marina
Gobiidae;Gobiiformes;Familia;Gobios verdaderos; peces de fondo pequeños con aletas pélvicas fusionadas en ventosa, muy diversos en arrecifes
Scombridae;Scombriformes;Familia;Atunes, bonitos y caballas; peces oceánicos pelágicos de musculatura roja adaptados a nadar a velocidades extremas continuas
Carangidae;Carangiformes;Familia;Jureles, pámpanos y serviolas; depredadores marinos rápidos de colas fuertemente ahorquilladas y escudos laterales óseos caudales
Bothidae;Carangiformes;Familia;Lenguados de ojos izquierdos; peces planos marinos camaleónicos cuyos ojos migran al lado izquierdo de la cabeza
Sciaenidae;Acanthuriformes;Familia;Corvinas y tambores; peces marinos famosos por producir sonidos rítmicos roncantes usando su desarrollada vejiga natatoria muscular
Latimeriidae;Coelacanthiformes;Familia;Celacantos modernos; peces sarcopterigios de aletas lobuladas profundas que representan linajes evolutivos marinos del Devónico
Neoceratodontidae; Ceratodontiformes;Familia;Pez pulmonado australiano; posee una sola vejiga gaseosa adaptada a respirar aire puro si escasea el oxígeno
Lepidosirenidae; Ceratodontiformes;Familia;Pez pulmonado sudamericano u locha; posee pulmones pares obligados y entra en estivación enterrado en el lodo
Allophrynidae;Anura;Familia;Pequeñas ranas arborícolas amazónicas de cuerpos moteados asociadas evolutivamente a las ranas de cristal centrolénidas
Alytidae;Anura;Familia;Sapos parteros comunes; los machos cargan los cordones de huevos fertilizados enroscados en sus patas traseras terrestres
Aromobatidae;Anura;Familia;Ranas niñeras; estrechamente emparentadas con las dendrobátidas, transportan activamente sus renacuajos a la espalda hacia riachuelos
Arthroleptidae;Anura;Familia;Ranas chillonas africanas de hojarasca; incluye a la rana peluda cuyos machos desarrollan extensiones dérmicas tipo pelo
Brachycephalidae;Anura;Familia;Sapitos de calabaza dorados brasileños; diminutos anuros terrestres hiper-minimizados que carecen de oído medio funcional
Bufonidae;Anura;Familia;Sapos verdaderos; caracterizados por pieles rugosas verrugosas y prominentes glándulas parotoides productoras de toxinas bufoteninas defensivas
Calyptocephalellidae;Anura;Familia;Ranas de casco chilenas; gigantescos anuros acuáticos relictos considerados fósiles vivientes de los bosques templados australes
Centrolenidae;Anura;Familia;Viejas del agua o bagres ventosa; poseedores de bocas modificadas en ventosa para raspar algas de rocas
Ceuthomantidae;Anura;Familia;Ranas de las tierras altas de Guayana; pequeños anuros arborícolas endémicos que habitan tepuyes venezolanos aislados
Craugastoridae;Anura;Familia;Ranas de hojarasca americanas de desarrollo directo; sus huevos eclosionan como ranitas completamente formadas sin pasar por renacuajo
Cycloramphidae;Anura;Familia;Ranas de hojarasca brasileñas; habitan en arroyos forestales de la mata atlántica sobre rocas húmedas salpicadas
Dendrobatidae;Anura;Familia;Ranas punta de flecha; anuros diurnos neotropicales sumamente coloridos que segregan potentes alcaloides neurotóxicos cutáneos defensivos
Eleutherodactylidae;Anura;Familia;Ranas de lluvia que incluyen al coquí puertorriqueño; anuros de desarrollo directo con cantos nocturnos potentes
Heleophrynidae;Anura;Familia;Ranas de los torrentes sudafricanas; de dedos expandidos adaptados a aferrarse a rocas bajo cascadas fluviales rápidas
Hemiphractidae;Anura;Familia;Ranas marsupiales; las hembras cargan los huevos fertilizados expuestos o dentro de sacos dorsales cutáneos protectores
Hylodidae;Anura;Familia;Ranas de torrente brasileñas que se comunican visualmente mediante elaborados movimientos de patas (baile) en ríos ruidosos
Leiopelmatidae;Anura;Familia;Ranas nativas de Nueva Zelanda; el linaje de anuros vivientes más primitivo, carecen de timpanos externos
Leiuperidae;Anura;Familia;Sapitos de cuatro ojos; pequeños anuros terrestres neotropicales con llamativos ocelos posteriores que simulan ojos grandes disuasorios
Leptodactylidae;Anura;Familia;Ranas de dedos delgados; construyen característicos nidos de espuma flotante en charcas para proteger sus puestas ovíparas
Limnodynastidae;Anura;Familia;Ranas terrestres australianas cavadoras; construyen nidos de espuma batiendo el agua con sus manos antes de desovar
Megophrydae;Anura;Familia;Ranas de hojarasca asiáticas u ranas con cuernos; camuflaje críptico perfecto imitando hojas secas con proyecciones palpebrale
Micrixalidae;Anura;Familia;Ranas de boca estrecha u ranas globosas; adaptadas a dietas mirmecófagas de hormigas, habitan madrigueras subterráneas húmedas
Microhylidae;Anura;Familia;Ranas de boca estrecha u ranas globosas; adaptadas a dietas mirmecófagas de hormigas, habitan madrigueras subterráneas húmedas
Myobatrachidae;Anura;Familia;Ranas australianas terrestres que incluyen a la extinta rana de incubación gástrica, que criaba renacuajos en su estómago
Pelobatidae;Anura;Familia;Sapos de espuela europeos; poseen tubérculos endurecidos en las patas traseras para enterrarse rápidamente de espaldas en arena
Phrynobatrachidae;Anura;Familia;Ranas de charca africanas; pequeños anuros hiperdiversos de humedales provistos de una línea vertebral clara muy variable
Pipidae;Anura;Familia;Ranas acuáticas sin lengua como la rana de garras africana o el sapo de Surinam de cuerpo aplastado
Ranidae;Anura;Familia;Ranas verdaderas de charca; nadadoras y saltadoras expertas de patas largas palmeadas distribuidas de forma cosmopolita global
Ranixalidae;Anura;Familia;Ranas arborícolas de la India cuyas larvas rupícolas reptan sobre rocas húmedas fuera del agua usando colas fuertes
Rhinophrynidae;Anura;Familia;Sapo mexicano de madriguera; cuerpo globular cónico especializado en alimentarse exclusivamente de hormigas y termitas bajo tierra
Scaphiopodidae;Anura;Familia;Sapos de espuela norteamericanos; anuros de pupilas verticales que emergen masivamente solo durante lluvias torrenciales desérticas
Strabomantidae;Anura;Familia;Ranas terrestres neotropicales de desarrollo directo de hojarasca, separadas recientemente de la gran familia de los craugastóridos
Ambystomatidae;Caudata;Familia;Salamandras topo americanas; incluye al famoso ajolote, conocido por su capacidad de mantener rasgos larvales de adulto (neotenia)
Amphiumidae;Caudata;Familia;Anfibios alargados con forma de anguila y patas diminutas vestigiales, habitantes de pantanos y lodos del sureste norteamericano
Cryptobranchidae;Caudata;Familia;Salamandras gigantes de Asia y Norteamérica; anfibios acuáticos masivos de respiración cutánea mediante pliegues laterales de la piel
Plethodontidae;Caudata;Familia;La familia más grande de salamandras; se caracterizan por carecer completamente de pulmones y respirar por la piel
Proteidae;Caudata;Familia;Salamandras acuáticas permanentes (como el olmo) que retienen branquias ramificadas externas rojas durante toda su vida adulta
Rhyacotritonidae;Caudata;Familia;Salamandras torrenteras del noroeste estadounidense; pequeños anuros semiacuáticos adaptados exclusivamente a vivir en arroyos de aguas frías
Salamandridae;Caudata;Familia;Salamandras verdaderas y tritones; caracterizados por poseer pieles rugosas o lisas con potentes secreciones tóxicas cutáneas defensivas
Sirenidae;Caudata;Familia;Anfibios acuáticos alargados con forma de anguila que poseen branquias externas y patas delanteras, careciendo de extremidades posteriores
Caeciliidae;Gymnophiona;Familia;Cecilias verdaderas; anfibios ápteros subterráneos de cuerpo anillado y ojos reducidos adaptados por completo a la vida fosorial
Sphenodontidae;Sphenodontia;Familia;Representada únicamente por los tuátaras de Nueva Zelanda; reliquias evolutivas con un característico tercer ojo fotorreceptor parietal
Dibamidae;Squamata;Familia;Lagartos ciegos; reptiles ápteros subterráneos de cuerpos cilíndricos, donde solo los machos retienen diminutas patas traseras vestigiales
Gekkonidae;Gekkota;Familia;Geckos verdaderos; lagartos nocturnos con almohadillas digitales adhesivas que les permiten trepar superficies verticales lisas con facilidad
Phyllodactylidae;Gekkota;Familia;Lagartos de dedos de hoja; escamosos nocturnos boreales y neotropicales caracterizados por expansiones foliares en sus garras digitales
Sphaerodactylidae;Gekkota;Familia;Geckos enanos; incluye a algunos de los reptiles más pequeños del mundo, de hábitos diurnos y pupilas redondeadas
 Amphisbaenidae ;Amphisbaenia;Familia;Culebrillas ciegas comunes; reptiles subterráneos sin patas con cráneos macizos adaptados para cavar túneles compactando la tierra
Teiidae; Teiioidea;Familia;Lagartos americanos activos como los tegús; carnívoros u omnívoros veloces de lenguas bífidas largas de aspecto varanoide
Iguanidae;Iguania;Familia;Iguanas verdaderas; reptiles fitófagos robustos de climas cálidos americanos provistos de crestas espinosas dorsales y largas colas
Polychrotidae;Iguania;Familia;Falsos camaleones o anolis arbóreos americanos; pequeños lagartos capaces de cambiar de color con llamativos sacos gulares
Tropiduridae;Iguania;Familia;Lagartos terrestres sudamericanos adaptados a hábitats áridos; terrestres veloces que menean la cola verticalmente como señal social
Hoplocercidae;Iguania;Familia;Lagartos de cola espinosa arbóreos neotropicales; utilizan sus robustas colas armadas de escamas puntiagudas para bloquear madrigueras
Diploglossidae;Anguimorpha;Familia;Lagartos de cristal americanos; escamosos de cuerpos alargados y extremidades reducidas con escamas osteodérmicas lisas sumamente brillantes
Helodermatidae;Anguimorpha;Familia;Monstruos de Gila y lagartos escorpión; los únicos lagartos verdaderamente venenosos, con glándulas salivares modificadas inferiores
Boidae;Serpentes;Familia;Boas; serpientes constrictoras no venenosas que retienen vestigios de extremidades posteriores en forma de espolones cloacales anales
Colubridae;Serpentes;Familia;La familia más grande de serpientes; agrupa especies mayormente inofensivas de escamas lisas y pupilas típicamente redondas
Elapidae;Serpentes;Familia;Serpientes altamente venenosas con colmillos frontales fijos; incluye a las cobras, mambas, corales y letales serpientes marinas
Hydrophidae;Serpentes;Familia;Serpientes marinas verdaderas; elápidos adaptados al océano con colas aplanadas en forma de remo y pulmones alargados
Viperidae;Serpentes;Familia;Víboras y víboras de foseta; serpientes venenosas con colmillos retráctiles largos y cabezas triangulares bien diferenciadas del cuello
Cheloniidae;Chelonioidea;Familia;Tortugas marinas comunes; reptiles marinos con caparazones aerodinámicos y extremidades modificadas en aletas natatorias no retráctiles
 Dermochelyidae;Chelonioidea;Familia;Familia monotípica de la tortuga laúd, la tortuga más grande del mundo, con caparazón coriáceo flexible sin placas
Testudinidae;Testudinoidea;Familia;Tortugas terrestres verdaderas; caracterizadas por patas robustas de elefante, caparazones muy convexos y hábitos estrictamente vegetarianos
Chelidae; Cheloidea;Familia;Tortugas de cuello de serpiente australes; pleurodiras de agua dulce que cazan peces mediante una rápida succión mandibular
Pelomedusidae; Pelomedusoidea;Familia;Tortugas de cuello lateral africanas; habitantes dulceacuícolas estacionales que se entierran en el lodo para estivar sequías
Alligatoridae;Crocodylia;Familia;Aligátores y caimanes; crocodilios de hocicos anchos y redondeados donde los dientes inferiores quedan ocultos al cerrar la boca
Crocodylidae;Crocodylia;Familia;Cocodrilos verdaderos; grandes reptiles semiacuáticos con glándulas salinas linguales funcionales y el cuarto diente inferior expuesto externamente
Gavialidae;Crocodylia;Familia;Gaviales; crocodilios piscívoros especializados de hocicos extremadamente largos y delgados repletos de agudos dientes aguja finos
 Archaeopterygidae;Saurischia†;Familia;Aves prehistóricas fósiles de transición del Jurásico que combinaban plumas de vuelo con dientes y largas colas óseas
Struthionidae;Struthioniformes;Familia;Avestruces; las aves corredoras terrestres más grandes y veloces del planeta, adaptadas a llanuras áridas africanas
Casuariidae;Casuariiformes;Familia;Casuarios y emúes australianos; aves no voladoras de plumaje denso tipo pelo y cascos óseos cefálicos protectores
Dromaiidae;Casuariiformes;Familia;Familia del emú australiano; grandes aves corredoras de patas tridáctilas potentes
Rheidae;Rheiformes;Familia;Ñandúes; grandes aves corredoras no voladoras de las estepas y llanuras abiertas sudamericanas pampeanas
Tinamidae;Tinamiformes;Familia;Tinamúes u oportos; aves terrestres neotropicales voladoras primitivas de plumaje críptico y asombrosos huevos de colores brillantes satinados
Apterygidae;Apterygiformes;Familia;Kiwis; pequeñas aves no voladoras nocturnas neozelandesas con agudo sentido del olfato y fosas nasales puntales
Cracidae;Galliformes;Familia;Paujiles, pavas y chachalacas; aves galliformes arborícolas neotropicales de colas largas de gran importancia ecológica forestal
Phasianidae;Galliformes;Familia;Faisanes, pavos reales, perdices y el gallo doméstico; aves terrestres robustas nidífugas de plumajes masculinos ornamentales ornamentados
Anatidae;Anseriformes;Familia;Patos, gansos y cisnes; aves acuáticas de picos aplanados filtradores y patas palmeadas adaptadas a la natación fluvial
Anhimidae;Anseriformes;Familia;Chajás; aves anátidas terrestres sudamericanas con picos de aspecto gallináceo y fuertes espolones óseos en las alas
Spheniscidae;Sphenisciformes;Familia;Pingüinos; aves marinas no voladoras del hemisferio sur con alas modificadas en rígidas aletas propulsoras buceadoras
Pelecanidae;Pelecaniformes;Familia;Pelícanos; aves acuáticas piscívoras con picos provistos de una gran bolsa gular elástica para capturar peces
Ardeidae;Pelecaniformes;Familia;Garzas; aves zancudas de patas y cuellos largos esbeltos que capturan presas mediante arponeo rápido en humedales
Threskiornithidae;Pelecaniformes;Familia;Ibises y espátulas; aves zancudas de picos larguísimos curvados hacia abajo o aplanados en forma de paleta
Sulidae;Suliformes;Familia;Piqueros y alcatraces; aves marinas pelágicas que cazan lanzándose en espectaculares picados verticales a gran velocidad oceánica
Phalacrocoracidae;Suliformes;Familia;Cormoranes; aves acuáticas buceadoras de plumajes permeables que deben extender al sol para secarse tras pescar
Anhingidae;Suliformes;Familia;Aves serpiente o maras; buceadoras de agua dulce con cuellos delgados que nadan con el cuerpo totalmente sumergido
Fregatidae;Suliformes;Familia;Fragatas; aves marinas de alas inmensas que practican el cleptoparasitismo, robando comida a otras aves en vuelo
Procellariidae;Procellariiformes;Familia;Pardelas y petreles; aves oceánicas pelágicas con fosas nasales tubulares superiores adaptadas para excretar el exceso salino
Diomeidae;Procellariiformes;Familia;Albatros; las aves planeadoras de mayor envergadura alar del mundo, capaces de pasar años sin pisar tierra
Hydrobatidae;Procellariiformes;Familia;Paíños o petreles de las tormentas; diminutas aves marinas que parecen caminar danzando sobre la superficie marina
Ciconiidae;Ciconiformes;Familia;Cigüeñas; grandes aves zancudas planeadoras de picos pesados que carecen de siringe, comunicándose mediante el crotoreo mandibular
Charadriidae;Charadriiformes;Familia;Chorlitos; pequeñas aves playeras de cuerpos compactos y picos cortos que corren frenéticamente por litorales arenosos
Laridae;Charadriiformes;Familia;Gaviotas y charranes; aves marinas e interiores muy adaptables de plumajes blancos y grises de distribución cosmopolita
Scolopacidae;Charadriiformes;Familia;Playeros y agachadizas; aves limícolas con picos largos sensibles adaptados para sondear invertebrados bajo el fango húmedo
Jacanidae;Charadriiformes;Familia;Jacanas; aves de humedales con dedos extremadamente largos que les permiten caminar sobre la vegetación flotante acuática
Burhinidae;Charadriiformes;Familia;Alcaravanes; aves terrestres nocturnas de ojos grandes amarillos y plumajes crípticos que habitan planicies secas abiertas
Opisthocomidae;Opisthocomiformes;Familia;Familia monotípica del hoatzín amazónico; ave herbívora cuyas crías poseen garras ala-res y digieren hojas mediante fermentación forestal
Columbidae;Columbiformes;Familia;Palomas y tórtolas; aves rechonchas de picos cortos que alimentan a sus pichones con una secreción llamada leche de buche
Podicipedidae;Podicipediformes;Familia;Zampullines y somormujos; aves acuáticas zambullidoras con dedos lobulados individualmente y elaborados cortejos nupciales flotantes
Phoenicopteridae; Phoenicopteriformes;Familia;Flamencos; aves zancudas rosadas de picos curvos filtradores especializados en extraer algas y crustáceos del fango
Rallidae;Ralliformes;Familia;Fochas, gallinetas y rascotes; aves de humedales de cuerpos comprimidos lateralmente adaptadas a escabullirse entre la vegetación
Apodidae;Apodiformes  ;Familia;Vencejos; aves aéreas extremas de patas diminutas que pasan casi toda su vida volando, durmiendo en el aire
Trochilidae;Apodiformes  ;Familia;Colibríes o picaflores; diminutas aves americanas de vuelo suspendido acrobático capaces de batir sus alas ochenta veces por segundo
Caprimulgidae;Caprimulgiformes ;Familia;Chotacabras o tapacaminos; aves nocturnas crípticas de bocas inmensas rodeadas de vibrisas para capturar insectos en vuelo
Steatornithidae;Caprimulgiformes ;Familia;Familia monotípica del guácharo; ave nocturna cavernícola frugívora que utiliza la ecolocalización para navegar en la oscuridad total
Cuculidae;Cuculiformes;Familia;Cucos y correcaminos; incluye especies famosas por el parasitismo de puesta, depositando sus huevos en nidos ajenos
Falconidae;Falconiformes;Familia;Halcones y caracaras; aves de presa diurnas de vuelo ultra veloz caracterizadas por picos con dientes tomiales
Accipitridae;Accipitriformes;Familia;Águilas, gavilanes, azores y buitres del Viejo Mundo; aves rapaces diurnas con fuertes garras prensiles curvadas
Pandionidae;Accipitriformes;Familia;Familia del águila pescadora; rapaz especializada con espículas en las garras (espículas) para sujetar peces resbaladizos sumergidos
Cathartidae;Accipitriformes;Familia;Buitres del Nuevo Mundo y cóndores; aves carroñeras con cabezas desnudas y agudo sentido del olfato aviar
Strigidae;Strigiformes;Familia;Búhos verdaderos; aves de presa nocturnas con discos faciales que canalizan el sonido y plumajes de vuelo silencioso
Tytonidae;Strigiformes;Familia;Lechuzas comunes; rapaces nocturnas de rostros acorazonados característicos y patas largas, eficaces cazadoras de roedores domésticos
Psitacidae;Psitaciformes;Familia;Loros, guacamayos y cotorras; aves de picos ganchudos fuertes y patas zigodáctilas inteligentes capaces de imitar el habla
Alcedinidae;Coraciformes;Familia;Martín pescadores; aves de cabezas grandes y picos rectos robustos adaptadas a lanzarse al agua para capturar peces
Momotidae;Coraciformes;Familia;Momotos o barranqueros; aves neotropicales que remueven las barbas de sus colas dejando dos raquetas terminales desnudas
Trogonidae;Trogoniformes  ;Familia;Trogones y quetzales; aves forestales de plumajes iridiscentes verdes y rojos con colas larguísimas en machos reproductores
Ramphastidae;Piciformes;Familia;Tucanes; aves arbóreas neotropicales famosas por sus picos gigantescos, coloridos y ligeros empleados para alcanzar frutos forestales
Picidae;Piciformes;Familia;Pájaros carpinteros; adaptados a taladrar madera con cráneos amortiguados, colas rígidas de apoyo y lenguas arponadas larguísimas
Acanthisittidae; Acanthisitti;Familia;Chochares de Nueva Zelanda; pequeñas aves terrestres basales que representan el linaje más antiguo de los paseriformes
Furnariidae;Tyranni;Familia;Horneros y trepatroncos; aves americanas famosas por construir nidos masivos de barro endurecido con forma de horno
Cotingidae;Tyranni;Familia;Cotingas y el gallito de las rocas; aves selváticas neotropicales con machos de colores espectaculares y cantos extravagantes
Tyrannidae;Tyranni;Familia;Atrapamoscas tiranos; la familia de aves más numerosa de América, de siringes sencillas y hábitos insectívoros
Grallariidae;Tyranni;Familia;Tororois; aves terrestres rechonchas de patas largas y colas cortas que habitan el sotobosque denso nublado andino
Hirundinidae;Passeri;Familia;Golondrinas; aves de alas largas apuntadas y cuerpos aerodinámicos especializadas en cazar insectos planeando en el aire
Mimidae;Passeri;Familia;Cenzontles y sinsontes; aves americanas célebres por su asombrosa capacidad para imitar cantos de otras aves y ruidos
Turdidae;Passeri;Familia;Zorzales y mirlos; pájaros cantores robustos de distribución mundial que se alimentan frecuentemente en el suelo de lombrices
Troglodytidae;Passeri;Familia;Chochines u rreyezuelos; pequeños pájaros muy activos de colas erectas y cantos asombrosamente potentes para su tamaño
Corvidae;Passeri;Familia;Cuervos, urracas y arrendajos; considerados los pájaros más inteligentes, capaces de resolver problemas complejos y usar herramientas
Icteridae;Passeri;Familia;Trupiales, tordos y caciques; aves americanas con picos cónicos afilados y plumajes negros combinados con amarillos vivos
Passeridae;Passeri;Familia;Gorriones del Viejo Mundo; pequeños pájaros granívoros adaptados a vivir en estrecha asociación con asentamientos humanos urbanos
Fringilliidae;Passeri;Familia;Jilgueros, pinzones y canarios; pájaros cantores granívoros provistos de picos cónicos fuertes adaptados para romper semillas duras
Thraupidae;Passeri;Familia;Tangaras y pinzones de Darwin; inmensa familia neotropical de colores espectaculares que dominan los nichos ecológicos frugívoros
Emberizidae;Passeri;Familia;Escribanos del Viejo Mundo; pequeños pájaros granívoros terrestres estrechamente emparentados con los gorriones americanos modernos
Motacillidae;Passeri;Familia;Bisbitas y lavanderas; pájaros terrestres esbeltos de colas largas que menean rítmicamente al caminar por terrenos abiertos
Passerellidae;Passeri;Familia;Gorriones americanos y rascadores; pequeños pájaros granívoros terrestres que buscan alimento rascando la hojarasca con ambas patas
Ornythorrynchidae;Monotremas;Familia;Familia del ornitorrinco; mamífero ovíparo australiano con pico de pato, cola de castor y espolones venenosos masculinos
Tachyglossidae;Monotremas;Familia;Equidnas; mamíferos insectívoros terrestres cubiertos de espinas que ponen huevos y poseen lenguas largas pegajosas australianas
Didelphidae;Didelphimorpha;Familia;Zarigüeyas o tlacuaches americanos; marsupiales omnívoros nocturnos con colas prensiles desnudas y pulgares oponibles traseros
 Phascolarctidae; Diprotodontia;Familia;Familia monotípica del koala; marsupial arborícola australiano especializado en alimentarse exclusivamente de hojas de eucalipto tóxicas
Macropodidae; Diprotodontia;Familia;Canguros y walabíes; marsupiales saltadores con patas traseras elongadas potentes y grandes colas musculares de apoyo
Elephantidae;Proboscidea;Familia;Elefantes modernos; los mamíferos terrestres más grandes, caracterizados por largas probóscides nasales musculares y colmillos de marfil
Trichechidae;Sirenia ;Familia;Manatíes o vacas marinas; mamíferos acuáticos herbívoros de colas redondeadas en forma de paleta de aguas tropicales
Dugongidae;Sirenia ;Familia;Dugongos; mamíferos marinos herbívoros de aguas indo-pacíficas con colas bifurcadas similares a las de los cetáceos modernos
Myrmecophagidae;Vermilingua;Familia;Osos hormigueros gigantes y tamandúas; desdentados con hocicos tubulares largos y garras poderosas para romper hormigueros
Bradypodidae;Folivora;Familia;Perezosos de tres dedos; mamíferos arbóreos neotropicales de movimientos lentos con metabolismos muy bajos adaptados a hojas
Megalonychldae;Folivora;Familia;Perezosos de dos dedos; arborícolas nocturnos más activos que los bradipódidos, con dos garras delanteras funcionales
Dasypodidae;Cingulata;Familia;Armadillos comunes; mamíferos cavadores americanos protegidos por una armadura ósea cutánea articulada de placas móviles
Cynocephalidae  ;Dermoptera;Familia;Lémures voladores o colugos; mamíferos asiáticos con extensos patagios dérmicos adaptados para planear eficientemente entre árboles
Leporidae;Lagomorpha;Familia;Liebres y conejos; roedores lagomorfos de orejas largas y patas traseras adaptadas para la locomoción a saltos rápidos
Sciuridae;Sciuromorpha;Familia;Ardillas, marmotas y perritos de la pradera; roedores ágiles de colas tupidas adaptados a nichos arbóreos o subterráneos
Castoridae;Castorimorpha;Familia;Castores; roedores semiacuáticos ingenieros ecológicos que construyen diques usando troncos cortados con sus incisivos fuertes
Muridae;Myomorpha;Familia;Ratas y ratones del Viejo Mundo; la familia de mamíferos más numerosa y adaptable de distribución global
Erethizontidae;Hystricomorpha ;Familia;Puercoespines del Nuevo Mundo; roedores arborícolas americanos cubiertos de espinas con púas ganchudas defensivas desprendibles
Caviidae;Hystricomorpha ;Familia;Cobayas, maras y capibaras; incluye al capibara, el roedor más grande del mundo, de hábitos semiacuáticos sociales
Dinomyidae;Hystricomorpha ;Familia;Familia del pacarana; roedor sudamericano grande y robusto de movimientos lentos, reliquia de un linaje extinto gigante
Dasyproctidae;Hystricomorpha ;Familia;Agutíes u añujes; roedores terrestres neotropicales de patas largas que entierran semillas, siendo clave en la reforestación
Chinchillidae;Hystricomorpha ;Familia;Chinchillas y vizcachas; roedores de pelajes densos y suaves adaptados a vivir en ambientes rocosos andinos fríos
Lemuridae;Lemuriformes;Familia;Lémures verdaderos; primates strepsirrinos endémicos de Madagascar de colas largas anilladas y comportamientos sociales matriarcales complejos
Tarsiidae;Tarsiiformes;Familia;Tarseros; primates nocturnos diminutos del sudeste asiático con ojos gigantescos fijos y asombrosa capacidad de salto arbóreo
Hominidae;Simiiformes;Familia;Grandes simios y el ser humano; primates catarrinos de cerebros altamente desarrollados, rostros planos y sin cola
Hylobatidae;Simiiformes;Familia;Gibones; primates asiáticos arborícolas conocidos como menores, maestros de la braquiación mediante brazos asombrosamente largos
Cebidae;Simiiformes;Familia;Monos capuchinos y monos ardilla; primates neotropicales arbóreos inteligentes que utilizan herramientas en su alimentación diaria
Callitrichidae ;Simiiformes;Familia;Titíes y tamarinos; pequeños monos americanos con garras en lugar de uñas, que suelen parir gemelos criados socialmente
Tupaiidae;Scandentia;Familia;Tupayas o musarañas arborícolas; pequeños mamíferos asiáticos basales parecidos a ardillas estrechamente emparentados con los primates
Talpidae;Eulipotyphla;Familia;Topos verdaderos; mamíferos insectívoros con patas delanteras masivas en forma de pala adaptadas a la vida subterránea
Phyllostomidae;Yangochiroptera;Familia;Murciélagos de nariz de hoja americanos; la familia de quirópteros ecológicamente más diversa, con hábitos frugívoros y hematófagos
Molossidae;Yangochiroptera;Familia;Murciélagos de cola libre; quirópteros insectívoros de alas largas y estrechas adaptados a vuelos veloces a gran altura
Cervidae;Ruminantia;Familia;Ciervos, venados y alces; rumiantes cuyos machos desarrollan astas óseas ramificadas caducas que mudan cada año
Bovidae;Ruminantia;Familia;Antílopes, cabras, ovejas y toros; rumiantes con cuernos verdaderos huecos no ramificados permanentes cubiertos de queratina
Giraffidae;Ruminantia;Familia;Jirafas y okapis; rumiantes africanos de cuellos largos o abdómenes elongados dotados de osiconos peludos craneales permanentes
Camelidae;Tylopoda;Familia;Camellos, dromedarios, llamas y alpacas; tylópodos con almohadillas acolchadas en sus patas adaptados a climas áridos extremos
Hippopotamidae;Ancodonta;Familia;Hipopótamos; grandes mamíferos semiacuáticos africanos de pieles desnudas, estrechamente emparentados evolutivamente con los cetáceos marinos actuales
Balaenidae;Mysticeti  ;Familia;Ballenas francas; cetáceos misticetos de cabezas masivas y barbas larguísimas que carecen de aleta dorsal marina
Balaenopteridae;Mysticeti  ;Familia;Rorcuales (incluye a la ballena azul); misticetos con pliegues gulares expandibles en la garganta para filtrar biomasas gigantes
Escrictchidae;Mysticeti  ;Familia;Familia monotípica de la ballena gris; misticeto costero que filtra sedimentos del fondo marino devorando pequeños crustáceos bentónicos
Physeteridae;Odontoceti ;Familia;Cachalotes; los odontocetos más grandes, con inmensas cabezas cuadradas que albergan el órgano de espermaceti profundo
Delphinidae;Odontoceti ;Familia;Cachalotes; los odontocetos más grandes, con inmensas cabezas cuadradas que albergan el órgano de espermaceti profundo
Phocoenidae;Odontoceti ;Familia;Marsopas; pequeños odontocetos marinos con hocicos romos chatos y dientes aplanados en forma de pala no cónicos
Monodontidae;Odontoceti ;Familia;Narvales y belugas; cetáceos árticos sin aleta dorsal, donde los machos de narval desarrollan un largo colmillo helicoidal
Platanistidae;Odontoceti ;Familia;Delfines de río del sur de Asia (Ganges); cetáceos fluviales prácticamente ciegos que navegan mediante ecolocalización continua
Tayassuidae;Suina;Familia;Pecaríes o báquiros; mamíferos artiodáctilos americanos similares a cerdos pero con colmillos rectos orientados hacia abajo defensivos
Suidae;Suina;Familia;Cerdos verdaderos, jabalíes y facóqueros; artiodáctilos del Viejo Mundo con hocicos cartilaginosos móviles adaptados para hozar tierra
Equidae;Perissodactyla;Familia;Caballos, cebras y asnos; perisodáctilos ungulados con un solo dedo funcional protegido por una robusta pezuña córnea
Tapiridae;Perissodactyla;Familia;Tapires; perisodáctilos robustos provistos de una pequeña probóscide nasal móvil adaptados a bosques densos húmedos tropicales
Rhinocerontidae;Perissodactyla;Familia;Rinocerontes; perisodáctilos masivos con uno o dos cuernos dérmicos de queratina compacta sobre sus huesos nasales
Manidae ;Pholidota  ;Familia;Pangolines; mamíferos insectívoros cubiertos de grandes escamas queratínicas imbricadas que se enrollan en bola como defensa
Felidae;Feliformia;Familia;Felinos; carnívoros depredadores especializados con cuerpos ágiles, garras retráctiles y visiones nocturnas altamente desarrolladas adaptadas
Hyaenidae;Feliformia;Familia;Hienas; carnívoros feliformes de mandíbulas trituradoras de huesos masivas y cuartos traseros más bajos que los delanteros
Canidae;Caniformia;Familia;Perros, lobos, zorros y chacales; carnívoros caniformes corredores de hocicos alargados y garras no retráctiles sociales
Mustelidae;Musteloidea;Familia;Nutrias, comadrejas, tejones y hurones; carnívoros esbeltos alargados con glándulas anales odoríferas defensivas muy desarrolladas
Procyonidae;Musteloidea;Familia;Mapaches, coatíes y kinkajús; carnívoros americanos medianos con colas anilladas y patas delanteras diestras semi-prensiles omnívoras
Ursidae;Caniformia;Familia;Osos; carnívoros caniformes plantígrados robustos de colas cortas con dietas mayormente omnívoras de distribución holártica global
Otariidae;Pinnipedia;Familia;Leones marinos y osos marinos; pinnípedos con orejas externas que pueden caminar usando sus aletas traseras terrestres
Phocidae;Pinnipedia;Familia;Focas verdaderas; pinnípedos sin orejas adaptados por completo al agua, incapaces de rotar sus aletas traseras adelante
Odobeniidae;Pinnipedia;Familia;Familia monotípica de la morsa; gran pinnípedo ártico de pieles gruesas arrugadas provisto de dos largos colmillos superiores
